-- MySQL dump 10.13  Distrib 8.0.14, for Win64 (x86_64)
--
-- Host: localhost    Database: reorder
-- ------------------------------------------------------
-- Server version	8.0.14

/*!40101 SET @OLD_CHARACTER_SET_CLIENT=@@CHARACTER_SET_CLIENT */;
/*!40101 SET @OLD_CHARACTER_SET_RESULTS=@@CHARACTER_SET_RESULTS */;
/*!40101 SET @OLD_COLLATION_CONNECTION=@@COLLATION_CONNECTION */;
 SET NAMES utf8mb4 ;
/*!40103 SET @OLD_TIME_ZONE=@@TIME_ZONE */;
/*!40103 SET TIME_ZONE='+00:00' */;
/*!40014 SET @OLD_UNIQUE_CHECKS=@@UNIQUE_CHECKS, UNIQUE_CHECKS=0 */;
/*!40014 SET @OLD_FOREIGN_KEY_CHECKS=@@FOREIGN_KEY_CHECKS, FOREIGN_KEY_CHECKS=0 */;
/*!40101 SET @OLD_SQL_MODE=@@SQL_MODE, SQL_MODE='NO_AUTO_VALUE_ON_ZERO' */;
/*!40111 SET @OLD_SQL_NOTES=@@SQL_NOTES, SQL_NOTES=0 */;

--
-- Table structure for table `crm_account`
--

DROP TABLE IF EXISTS `crm_account`;
/*!40101 SET @saved_cs_client     = @@character_set_client */;
 SET character_set_client = utf8mb4 ;
CREATE TABLE `crm_account` (
  `crm_account_id` int(11) NOT NULL AUTO_INCREMENT,
  `add_time` timestamp NULL DEFAULT CURRENT_TIMESTAMP,
  PRIMARY KEY (`crm_account_id`)
) ENGINE=InnoDB AUTO_INCREMENT=310 DEFAULT CHARSET=utf8mb4 COLLATE=utf8mb4_0900_ai_ci;
/*!40101 SET character_set_client = @saved_cs_client */;

--
-- Dumping data for table `crm_account`
--

LOCK TABLES `crm_account` WRITE;
/*!40000 ALTER TABLE `crm_account` DISABLE KEYS */;
INSERT INTO `crm_account` VALUES (1,'2019-02-01 22:12:12'),(2,'2019-02-01 22:45:30'),(3,'2019-02-01 22:46:03'),(4,'2019-02-02 21:27:11'),(5,'2019-02-02 21:29:10'),(6,'2019-02-02 21:29:58'),(7,'2019-02-02 21:30:24'),(8,'2019-02-02 21:31:49'),(9,'2019-02-02 21:35:44'),(10,'2019-02-02 21:56:56'),(11,'2019-02-02 22:05:55'),(12,'2019-02-02 22:09:17'),(13,'2019-02-02 22:10:48'),(14,'2019-02-02 22:11:00'),(15,'2019-02-02 22:20:17'),(16,'2019-02-02 22:21:43'),(17,'2019-02-02 22:22:11'),(18,'2019-02-02 22:22:36'),(19,'2019-02-02 22:22:41'),(20,'2019-02-02 22:29:19'),(21,'2019-02-02 22:30:32'),(22,'2019-02-02 22:31:06'),(23,'2019-02-02 22:32:08'),(24,'2019-02-02 22:32:13'),(25,'2019-02-02 22:33:27'),(26,'2019-02-02 22:34:44'),(27,'2019-02-02 22:39:40'),(28,'2019-02-02 22:40:15'),(29,'2019-02-02 22:42:25'),(30,'2019-02-02 22:43:01'),(31,'2019-02-02 22:44:10'),(32,'2019-02-02 22:46:28'),(33,'2019-02-02 22:50:27'),(34,'2019-02-03 02:39:56'),(35,'2019-02-03 02:40:23'),(36,'2019-02-03 02:41:34'),(37,'2019-02-03 02:42:06'),(38,'2019-02-03 02:42:20'),(39,'2019-02-03 02:43:42'),(40,'2019-02-03 23:43:09'),(41,'2019-02-03 23:43:34'),(42,'2019-02-03 23:45:31'),(43,'2019-02-03 23:47:14'),(44,'2019-02-03 23:48:21'),(45,'2019-02-03 23:52:02'),(46,'2019-02-03 23:53:34'),(47,'2019-02-03 23:53:54'),(48,'2019-02-03 23:54:39'),(49,'2019-02-03 23:54:50'),(50,'2019-02-03 23:55:45'),(51,'2019-02-03 23:56:43'),(52,'2019-02-03 23:57:01'),(53,'2019-02-03 23:59:18'),(54,'2019-02-04 00:00:39'),(55,'2019-02-04 00:01:09'),(56,'2019-02-04 00:02:47'),(57,'2019-02-04 00:03:34'),(58,'2019-02-04 00:04:06'),(59,'2019-02-04 00:04:56'),(60,'2019-02-04 00:04:57'),(61,'2019-02-04 00:05:42'),(62,'2019-02-04 00:05:42'),(63,'2019-02-04 00:06:26'),(64,'2019-02-04 00:06:27'),(65,'2019-02-04 00:07:33'),(66,'2019-02-04 00:07:34'),(67,'2019-02-04 00:08:20'),(68,'2019-02-04 00:08:20'),(69,'2019-02-04 00:08:21'),(70,'2019-02-04 00:08:48'),(71,'2019-02-04 00:08:48'),(72,'2019-02-04 00:08:49'),(73,'2019-02-04 00:09:16'),(74,'2019-02-04 00:09:16'),(75,'2019-02-04 00:09:17'),(76,'2019-02-04 00:10:50'),(77,'2019-02-04 00:10:50'),(78,'2019-02-04 00:10:51'),(79,'2019-02-04 00:12:32'),(80,'2019-02-04 00:12:32'),(81,'2019-02-04 00:12:33'),(82,'2019-02-04 00:12:33'),(83,'2019-02-04 00:13:00'),(84,'2019-02-04 00:13:00'),(85,'2019-02-04 00:13:01'),(86,'2019-02-04 00:13:01'),(87,'2019-02-04 00:13:02'),(88,'2019-02-04 00:13:02'),(89,'2019-02-04 00:13:02'),(90,'2019-02-04 00:13:49'),(91,'2019-02-04 00:13:49'),(92,'2019-02-04 00:13:50'),(93,'2019-02-04 00:13:50'),(94,'2019-02-04 00:13:51'),(95,'2019-02-04 00:13:51'),(96,'2019-02-04 00:13:51'),(97,'2019-02-04 00:15:07'),(98,'2019-02-04 00:15:08'),(99,'2019-02-04 00:15:09'),(100,'2019-02-04 00:15:09'),(101,'2019-02-04 00:15:10'),(102,'2019-02-04 00:15:10'),(103,'2019-02-04 00:15:11'),(104,'2019-02-04 00:30:23'),(105,'2019-02-04 00:30:24'),(106,'2019-02-04 00:30:24'),(107,'2019-02-04 00:30:25'),(108,'2019-02-04 00:30:25'),(109,'2019-02-04 00:30:26'),(110,'2019-02-04 00:30:26'),(111,'2019-02-04 00:30:27'),(112,'2019-02-04 00:30:49'),(113,'2019-02-04 00:30:50'),(114,'2019-02-04 00:30:51'),(115,'2019-02-04 00:30:51'),(116,'2019-02-04 00:30:52'),(117,'2019-02-04 00:30:52'),(118,'2019-02-04 00:30:53'),(119,'2019-02-04 00:30:53'),(120,'2019-02-04 00:31:23'),(121,'2019-02-04 00:31:23'),(122,'2019-02-04 00:31:24'),(123,'2019-02-04 00:31:24'),(124,'2019-02-04 00:31:25'),(125,'2019-02-04 00:31:26'),(126,'2019-02-04 00:31:27'),(127,'2019-02-04 00:31:28'),(128,'2019-02-04 00:34:16'),(129,'2019-02-04 00:34:17'),(130,'2019-02-04 00:34:17'),(131,'2019-02-04 00:34:18'),(132,'2019-02-04 00:34:18'),(133,'2019-02-04 00:34:19'),(134,'2019-02-04 00:34:19'),(135,'2019-02-04 00:34:20'),(136,'2019-02-04 00:34:21'),(137,'2019-02-04 00:34:59'),(138,'2019-02-04 00:35:00'),(139,'2019-02-04 00:35:00'),(140,'2019-02-04 00:35:00'),(141,'2019-02-04 00:35:01'),(142,'2019-02-04 00:35:03'),(143,'2019-02-04 00:35:03'),(144,'2019-02-04 00:35:04'),(145,'2019-02-04 00:35:06'),(146,'2019-02-04 00:36:06'),(147,'2019-02-04 00:36:06'),(148,'2019-02-04 00:36:07'),(149,'2019-02-04 00:36:07'),(150,'2019-02-04 00:36:08'),(151,'2019-02-04 00:36:08'),(152,'2019-02-04 00:36:08'),(153,'2019-02-04 00:36:09'),(154,'2019-02-04 00:36:09'),(155,'2019-02-04 00:39:43'),(156,'2019-02-04 00:39:44'),(157,'2019-02-04 00:39:44'),(158,'2019-02-04 00:39:45'),(159,'2019-02-04 00:39:45'),(160,'2019-02-04 00:39:45'),(161,'2019-02-04 00:39:46'),(162,'2019-02-04 00:39:46'),(163,'2019-02-04 00:39:46'),(164,'2019-02-04 00:39:47'),(165,'2019-02-04 00:40:10'),(166,'2019-02-04 00:40:11'),(167,'2019-02-04 00:40:11'),(168,'2019-02-04 00:40:11'),(169,'2019-02-04 00:40:12'),(170,'2019-02-04 00:40:12'),(171,'2019-02-04 00:40:13'),(172,'2019-02-04 00:40:13'),(173,'2019-02-04 00:40:14'),(174,'2019-02-04 00:40:14'),(175,'2019-02-04 00:40:16'),(176,'2019-02-04 01:38:42'),(177,'2019-02-04 01:38:42'),(178,'2019-02-04 01:38:43'),(179,'2019-02-04 01:38:44'),(180,'2019-02-04 01:38:44'),(181,'2019-02-04 01:38:44'),(182,'2019-02-04 01:38:45'),(183,'2019-02-04 01:38:45'),(184,'2019-02-04 01:38:46'),(185,'2019-02-04 01:38:46'),(186,'2019-02-04 01:38:47'),(187,'2019-02-04 01:39:27'),(188,'2019-02-04 01:39:27'),(189,'2019-02-04 01:39:28'),(190,'2019-02-04 01:39:28'),(191,'2019-02-04 01:39:29'),(192,'2019-02-04 01:39:30'),(193,'2019-02-04 01:39:30'),(194,'2019-02-04 01:39:31'),(195,'2019-02-04 01:39:32'),(196,'2019-02-04 01:39:33'),(197,'2019-02-04 01:39:34'),(198,'2019-02-04 01:43:06'),(199,'2019-02-04 01:43:06'),(200,'2019-02-04 01:43:06'),(201,'2019-02-04 01:43:07'),(202,'2019-02-04 01:43:07'),(203,'2019-02-04 01:43:08'),(204,'2019-02-04 01:43:08'),(205,'2019-02-04 01:43:09'),(206,'2019-02-04 01:43:09'),(207,'2019-02-04 01:43:10'),(208,'2019-02-04 01:43:11'),(209,'2019-02-04 02:35:45'),(210,'2019-02-04 02:35:46'),(211,'2019-02-04 02:35:46'),(212,'2019-02-04 02:35:47'),(213,'2019-02-04 02:35:47'),(214,'2019-02-04 02:35:48'),(215,'2019-02-04 02:35:48'),(216,'2019-02-04 02:35:49'),(217,'2019-02-04 02:35:50'),(218,'2019-02-04 02:35:50'),(219,'2019-02-04 02:35:51'),(220,'2019-02-04 02:35:51'),(221,'2019-02-04 02:35:52'),(222,'2019-02-04 02:55:06'),(223,'2019-02-04 02:55:07'),(224,'2019-02-04 02:55:07'),(225,'2019-02-04 02:55:08'),(226,'2019-02-04 02:55:08'),(227,'2019-02-04 02:55:09'),(228,'2019-02-04 02:55:09'),(229,'2019-02-04 02:55:10'),(230,'2019-02-04 02:55:10'),(231,'2019-02-04 02:55:11'),(232,'2019-02-04 02:55:11'),(233,'2019-02-04 02:55:12'),(234,'2019-02-04 02:55:13'),(235,'2019-02-04 02:55:34'),(236,'2019-02-04 02:55:35'),(237,'2019-02-04 02:55:36'),(238,'2019-02-04 02:55:37'),(239,'2019-02-04 02:55:37'),(240,'2019-02-04 02:55:38'),(241,'2019-02-04 02:55:39'),(242,'2019-02-04 02:55:40'),(243,'2019-02-04 02:55:40'),(244,'2019-02-04 02:55:42'),(245,'2019-02-04 02:55:43'),(246,'2019-02-04 02:55:45'),(247,'2019-02-04 02:55:46'),(248,'2019-02-04 03:57:40'),(249,'2019-02-04 03:57:41'),(250,'2019-02-04 03:57:41'),(251,'2019-02-04 03:57:42'),(252,'2019-02-04 03:57:43'),(253,'2019-02-04 03:57:45'),(254,'2019-02-04 03:57:45'),(255,'2019-02-04 03:57:46'),(256,'2019-02-04 03:57:48'),(257,'2019-02-04 03:57:49'),(258,'2019-02-04 03:57:50'),(259,'2019-02-04 03:57:51'),(260,'2019-02-04 03:57:52'),(261,'2019-02-04 04:21:13'),(262,'2019-02-04 04:21:13'),(263,'2019-02-04 04:21:14'),(264,'2019-02-04 04:21:15'),(265,'2019-02-04 04:21:16'),(266,'2019-02-04 04:21:17'),(267,'2019-02-04 04:21:18'),(268,'2019-02-04 04:21:19'),(269,'2019-02-04 04:21:20'),(270,'2019-02-04 04:21:21'),(271,'2019-02-04 04:21:21'),(272,'2019-02-04 04:21:22'),(273,'2019-02-04 04:21:23'),(274,'2019-02-04 21:57:31'),(275,'2019-02-04 21:57:32'),(276,'2019-02-04 21:57:33'),(277,'2019-02-04 21:57:34'),(278,'2019-02-04 21:57:34'),(279,'2019-02-04 21:57:35'),(280,'2019-02-04 21:57:35'),(281,'2019-02-04 21:57:36'),(282,'2019-02-04 21:57:37'),(283,'2019-02-04 21:57:37'),(284,'2019-02-04 21:57:38'),(285,'2019-02-04 21:57:39'),(286,'2019-02-04 21:57:40'),(287,'2019-02-05 01:27:36'),(288,'2019-02-05 01:28:15'),(289,'2019-02-05 01:30:37'),(290,'2019-02-05 01:34:00'),(291,'2019-02-05 01:34:39'),(292,'2019-02-05 01:35:13'),(293,'2019-02-05 01:41:04'),(294,'2019-02-05 01:41:54'),(295,'2019-02-05 02:54:10'),(296,'2019-02-05 02:54:11'),(297,'2019-02-05 02:54:12'),(298,'2019-02-05 02:54:13'),(299,'2019-02-05 02:54:14'),(300,'2019-02-05 02:54:15'),(301,'2019-02-05 02:54:15'),(302,'2019-02-05 02:54:16'),(303,'2019-02-05 02:54:16'),(304,'2019-02-05 02:54:17'),(305,'2019-02-05 02:54:18'),(306,'2019-02-05 02:54:18'),(307,'2019-02-05 02:54:19'),(308,'2019-02-05 02:54:38'),(309,'2019-02-05 16:56:00');
/*!40000 ALTER TABLE `crm_account` ENABLE KEYS */;
UNLOCK TABLES;

--
-- Table structure for table `crm_address`
--

DROP TABLE IF EXISTS `crm_address`;
/*!40101 SET @saved_cs_client     = @@character_set_client */;
 SET character_set_client = utf8mb4 ;
CREATE TABLE `crm_address` (
  `crm_address_id` int(11) NOT NULL AUTO_INCREMENT,
  `crm_account_id` int(11) NOT NULL,
  `street1` varchar(200) NOT NULL,
  `street2` varchar(200) DEFAULT NULL,
  `city` varchar(100) NOT NULL,
  `state` varchar(10) NOT NULL,
  `zip` varchar(10) DEFAULT NULL,
  `country` varchar(10) NOT NULL,
  `is_billing` tinyint(1) NOT NULL DEFAULT '0',
  `billing_first_name` varchar(40) DEFAULT NULL,
  `billing_last_name` varchar(40) DEFAULT NULL,
  `is_shipping` tinyint(1) NOT NULL DEFAULT '0',
  `shipping_first_name` varchar(40) DEFAULT NULL,
  `shipping_last_name` varchar(40) DEFAULT NULL,
  `start_date` timestamp NULL DEFAULT CURRENT_TIMESTAMP,
  `end_date` timestamp NULL DEFAULT NULL,
  PRIMARY KEY (`crm_address_id`),
  KEY `crm_account_id` (`crm_account_id`),
  KEY `is_billing` (`is_billing`),
  KEY `is_shipping` (`is_shipping`),
  CONSTRAINT `crm_address_ibfk_1` FOREIGN KEY (`crm_account_id`) REFERENCES `crm_account` (`crm_account_id`),
  CONSTRAINT `crm_address_ibfk_2` FOREIGN KEY (`crm_address_id`) REFERENCES `crm_account` (`crm_account_id`)
) ENGINE=InnoDB AUTO_INCREMENT=155 DEFAULT CHARSET=utf8mb4 COLLATE=utf8mb4_0900_ai_ci;
/*!40101 SET character_set_client = @saved_cs_client */;

--
-- Dumping data for table `crm_address`
--

LOCK TABLES `crm_address` WRITE;
/*!40000 ALTER TABLE `crm_address` DISABLE KEYS */;
INSERT INTO `crm_address` VALUES (1,64,'4240 Swanson Way','Unit 207','Castle Rock','CO','80109','CO',0,NULL,NULL,1,'testFirstName','testLastName','2019-02-04 00:06:27',NULL),(2,66,'4240 Swanson Way','Unit 207','Castle Rock','CO','80109','CO',0,NULL,NULL,1,'testFirstName','testLastName','2019-02-04 00:07:34',NULL),(3,68,'4240 Swanson Way','Unit 207','Castle Rock','CO','80109','CO',0,NULL,NULL,1,'testFirstName','testLastName','2019-02-04 00:08:21',NULL),(4,69,'4240 Swanson Way','Unit 207','Castle Rock','CO','80109','CO',0,NULL,NULL,1,'testFirstName','testLastName','2019-02-04 00:08:22',NULL),(5,71,'4240 Swanson Way','Unit 207','Castle Rock','CO','80109','CO',0,NULL,NULL,1,'testFirstName','testLastName','2019-02-04 00:08:49',NULL),(6,72,'4240 Swanson Way','Unit 207','Castle Rock','CO','80109','CO',0,NULL,NULL,1,'testFirstName','testLastName','2019-02-04 00:08:49',NULL),(7,74,'4240 Swanson Way','Unit 207','Castle Rock','CO','80109','US',0,NULL,NULL,1,'testFirstName','testLastName','2019-02-04 00:09:16',NULL),(8,75,'4240 Swanson Way','Unit 207','Castle Rock','CO','80109','US',0,NULL,NULL,1,'testFirstName','testLastName','2019-02-04 00:09:17',NULL),(9,77,'4240 Swanson Way','Unit 207','Castle Rock','CO','80109','US',0,NULL,NULL,1,'testFirstName','testLastName','2019-02-04 00:10:50',NULL),(10,78,'4240 Swanson Way','Unit 207','Castle Rock','CO','80109','US',0,NULL,NULL,1,'testFirstName','testLastName','2019-02-04 00:10:51',NULL),(11,80,'4240 Swanson Way','Unit 207','Castle Rock','CO','80109','US',0,NULL,NULL,1,'testFirstName','testLastName','2019-02-04 00:12:32',NULL),(12,81,'4240 Swanson Way','Unit 207','Castle Rock','CO','80109','US',0,NULL,NULL,1,'testFirstName','testLastName','2019-02-04 00:12:33',NULL),(13,84,'4240 Swanson Way','Unit 207','Castle Rock','CO','80109','US',0,NULL,NULL,1,'testFirstName','testLastName','2019-02-04 00:13:01',NULL),(14,85,'4240 Swanson Way','Unit 207','Castle Rock','CO','80109','US',0,NULL,NULL,1,'testFirstName','testLastName','2019-02-04 00:13:01',NULL),(15,91,'4240 Swanson Way','Unit 207','Castle Rock','CO','80109','US',0,NULL,NULL,1,'testFirstName','testLastName','2019-02-04 00:13:50',NULL),(16,92,'4240 Swanson Way','Unit 207','Castle Rock','CO','80109','US',0,NULL,NULL,1,'testFirstName','testLastName','2019-02-04 00:13:50',NULL),(17,93,'4240 Swanson Way','Unit 207','Castle Rock','CO','80109','US',1,'testFirstName','testLastName',0,NULL,NULL,'2019-02-04 00:13:51',NULL),(18,94,'4240 Swanson Way','Unit 207','Castle Rock','CO','80109','US',1,'testFirstName','testLastName',0,NULL,NULL,'2019-02-04 00:13:51',NULL),(19,95,'4240 Swanson Way','Unit 207','Castle Rock','CO','80109','US',0,NULL,NULL,0,NULL,NULL,'2019-02-04 00:13:51',NULL),(20,96,'4240 Swanson Way','Unit 207','Castle Rock','CO','80109','US',0,NULL,NULL,0,NULL,NULL,'2019-02-04 00:13:52',NULL),(21,98,'4240 Swanson Way','Unit 207','Castle Rock','CO','80109','US',0,NULL,NULL,1,'testFirstName','testLastName','2019-02-04 00:15:08',NULL),(22,99,'4240 Swanson Way','Unit 207','Castle Rock','CO','80109','US',0,NULL,NULL,1,'testFirstName','testLastName','2019-02-04 00:15:09',NULL),(23,100,'4240 Swanson Way','Unit 207','Castle Rock','CO','80109','US',1,'testFirstName','testLastName',0,NULL,NULL,'2019-02-04 00:15:10',NULL),(24,101,'4240 Swanson Way','Unit 207','Castle Rock','CO','80109','US',1,'testFirstName','testLastName',0,NULL,NULL,'2019-02-04 00:15:10',NULL),(25,102,'4240 Swanson Way','Unit 207','Castle Rock','CO','80109','US',0,NULL,NULL,0,NULL,NULL,'2019-02-04 00:15:11',NULL),(26,103,'4240 Swanson Way','Unit 207','Castle Rock','CO','80109','US',0,NULL,NULL,0,NULL,NULL,'2019-02-04 00:15:11',NULL),(27,105,'4240 Swanson Way','Unit 207','Castle Rock','CO','80109','US',0,NULL,NULL,1,'testFirstName','testLastName','2019-02-04 00:30:24',NULL),(28,106,'4240 Swanson Way','Unit 207','Castle Rock','CO','80109','US',0,NULL,NULL,1,'testFirstName','testLastName','2019-02-04 00:30:25',NULL),(29,107,'4240 Swanson Way','Unit 207','Castle Rock','CO','80109','US',1,'testFirstName','testLastName',0,NULL,NULL,'2019-02-04 00:30:25',NULL),(30,108,'4240 Swanson Way','Unit 207','Castle Rock','CO','80109','US',1,'testFirstName','testLastName',0,NULL,NULL,'2019-02-04 00:30:26',NULL),(31,109,'4240 Swanson Way','Unit 207','Castle Rock','CO','80109','US',0,NULL,NULL,0,NULL,NULL,'2019-02-04 00:30:26',NULL),(32,110,'4240 Swanson Way','Unit 207','Castle Rock','CO','80109','US',0,NULL,NULL,0,NULL,NULL,'2019-02-04 00:30:27',NULL),(33,113,'4240 Swanson Way','Unit 207','Castle Rock','CO','80109','US',0,NULL,NULL,1,'testFirstName','testLastName','2019-02-04 00:30:50',NULL),(34,114,'4240 Swanson Way','Unit 207','Castle Rock','CO','80109','US',0,NULL,NULL,1,'testFirstName','testLastName','2019-02-04 00:30:51',NULL),(35,115,'4240 Swanson Way','Unit 207','Castle Rock','CO','80109','US',1,'testFirstName','testLastName',0,NULL,NULL,'2019-02-04 00:30:52',NULL),(36,116,'4240 Swanson Way','Unit 207','Castle Rock','CO','80109','US',1,'testFirstName','testLastName',0,NULL,NULL,'2019-02-04 00:30:52',NULL),(37,117,'4240 Swanson Way','Unit 207','Castle Rock','CO','80109','US',0,NULL,NULL,0,NULL,NULL,'2019-02-04 00:30:52',NULL),(38,118,'4240 Swanson Way','Unit 207','Castle Rock','CO','80109','US',0,NULL,NULL,0,NULL,NULL,'2019-02-04 00:30:53',NULL),(39,121,'4240 Swanson Way','Unit 207','Castle Rock','CO','80109','US',0,NULL,NULL,1,'testFirstName','testLastName','2019-02-04 00:31:23',NULL),(40,122,'4240 Swanson Way','Unit 207','Castle Rock','CO','80109','US',0,NULL,NULL,1,'testFirstName','testLastName','2019-02-04 00:31:24',NULL),(41,123,'4240 Swanson Way','Unit 207','Castle Rock','CO','80109','US',1,'testFirstName','testLastName',0,NULL,NULL,'2019-02-04 00:31:25',NULL),(42,124,'4240 Swanson Way','Unit 207','Castle Rock','CO','80109','US',1,'testFirstName','testLastName',0,NULL,NULL,'2019-02-04 00:31:26',NULL),(43,125,'4240 Swanson Way','Unit 207','Castle Rock','CO','80109','US',0,NULL,NULL,0,NULL,NULL,'2019-02-04 00:31:27',NULL),(44,126,'4240 Swanson Way','Unit 207','Castle Rock','CO','80109','US',0,NULL,NULL,0,NULL,NULL,'2019-02-04 00:31:28',NULL),(45,129,'4240 Swanson Way','Unit 207','Castle Rock','CO','80109','US',0,NULL,NULL,1,'testFirstName','testLastName','2019-02-04 00:34:17',NULL),(46,130,'4240 Swanson Way','Unit 207','Castle Rock','CO','80109','US',0,NULL,NULL,1,'testFirstName','testLastName','2019-02-04 00:34:18',NULL),(47,131,'4240 Swanson Way','Unit 207','Castle Rock','CO','80109','US',1,'testFirstName','testLastName',0,NULL,NULL,'2019-02-04 00:34:18',NULL),(48,132,'4240 Swanson Way','Unit 207','Castle Rock','CO','80109','US',1,'testFirstName','testLastName',0,NULL,NULL,'2019-02-04 00:34:19',NULL),(49,133,'4240 Swanson Way','Unit 207','Castle Rock','CO','80109','US',0,NULL,NULL,0,NULL,NULL,'2019-02-04 00:34:19',NULL),(50,134,'4240 Swanson Way','Unit 207','Castle Rock','CO','80109','US',0,NULL,NULL,0,NULL,NULL,'2019-02-04 00:34:20',NULL),(51,138,'4240 Swanson Way','Unit 207','Castle Rock','CO','80109','US',0,NULL,NULL,1,'testFirstName','testLastName','2019-02-04 00:35:00',NULL),(52,139,'4240 Swanson Way','Unit 207','Castle Rock','CO','80109','US',0,NULL,NULL,1,'testFirstName','testLastName','2019-02-04 00:35:00',NULL),(53,140,'4240 Swanson Way','Unit 207','Castle Rock','CO','80109','US',1,'testFirstName','testLastName',0,NULL,NULL,'2019-02-04 00:35:01',NULL),(54,141,'4240 Swanson Way','Unit 207','Castle Rock','CO','80109','US',1,'testFirstName','testLastName',0,NULL,NULL,'2019-02-04 00:35:02',NULL),(55,142,'4240 Swanson Way','Unit 207','Castle Rock','CO','80109','US',0,NULL,NULL,0,NULL,NULL,'2019-02-04 00:35:03',NULL),(56,143,'4240 Swanson Way','Unit 207','Castle Rock','CO','80109','US',0,NULL,NULL,0,NULL,NULL,'2019-02-04 00:35:04',NULL),(57,147,'4240 Swanson Way','Unit 207','Castle Rock','CO','80109','US',0,NULL,NULL,1,'testFirstName','testLastName','2019-02-04 00:36:07',NULL),(58,148,'4240 Swanson Way','Unit 207','Castle Rock','CO','80109','US',0,NULL,NULL,1,'testFirstName','testLastName','2019-02-04 00:36:07',NULL),(59,149,'4240 Swanson Way','Unit 207','Castle Rock','CO','80109','US',1,'testFirstName','testLastName',0,NULL,NULL,'2019-02-04 00:36:08',NULL),(60,150,'4240 Swanson Way','Unit 207','Castle Rock','CO','80109','US',1,'testFirstName','testLastName',0,NULL,NULL,'2019-02-04 00:36:08',NULL),(61,151,'4240 Swanson Way','Unit 207','Castle Rock','CO','80109','US',0,NULL,NULL,0,NULL,NULL,'2019-02-04 00:36:08',NULL),(62,152,'4240 Swanson Way','Unit 207','Castle Rock','CO','80109','US',0,NULL,NULL,0,NULL,NULL,'2019-02-04 00:36:09',NULL),(63,156,'4240 Swanson Way','Unit 207','Castle Rock','CO','80109','US',0,NULL,NULL,1,'testFirstName','testLastName','2019-02-04 00:39:44',NULL),(64,157,'4240 Swanson Way','Unit 207','Castle Rock','CO','80109','US',0,NULL,NULL,1,'testFirstName','testLastName','2019-02-04 00:39:45',NULL),(65,158,'4240 Swanson Way','Unit 207','Castle Rock','CO','80109','US',1,'testFirstName','testLastName',0,NULL,NULL,'2019-02-04 00:39:45',NULL),(66,159,'4240 Swanson Way','Unit 207','Castle Rock','CO','80109','US',1,'testFirstName','testLastName',0,NULL,NULL,'2019-02-04 00:39:45',NULL),(67,160,'4240 Swanson Way','Unit 207','Castle Rock','CO','80109','US',0,NULL,NULL,0,NULL,NULL,'2019-02-04 00:39:46',NULL),(68,161,'4240 Swanson Way','Unit 207','Castle Rock','CO','80109','US',0,NULL,NULL,0,NULL,NULL,'2019-02-04 00:39:46',NULL),(69,166,'4240 Swanson Way','Unit 207','Castle Rock','CO','80109','US',0,NULL,NULL,1,'testFirstName','testLastName','2019-02-04 00:40:11',NULL),(70,167,'4240 Swanson Way','Unit 207','Castle Rock','CO','80109','US',0,NULL,NULL,1,'testFirstName','testLastName','2019-02-04 00:40:11',NULL),(71,168,'4240 Swanson Way','Unit 207','Castle Rock','CO','80109','US',1,'testFirstName','testLastName',0,NULL,NULL,'2019-02-04 00:40:12',NULL),(72,169,'4240 Swanson Way','Unit 207','Castle Rock','CO','80109','US',1,'testFirstName','testLastName',0,NULL,NULL,'2019-02-04 00:40:12',NULL),(73,170,'4240 Swanson Way','Unit 207','Castle Rock','CO','80109','US',0,NULL,NULL,0,NULL,NULL,'2019-02-04 00:40:13',NULL),(74,171,'4240 Swanson Way','Unit 207','Castle Rock','CO','80109','US',0,NULL,NULL,0,NULL,NULL,'2019-02-04 00:40:13',NULL),(75,177,'4240 Swanson Way','Unit 207','Castle Rock','CO','80109','US',0,NULL,NULL,1,'testFirstName','testLastName','2019-02-04 01:38:43',NULL),(76,178,'4240 Swanson Way','Unit 207','Castle Rock','CO','80109','US',0,NULL,NULL,1,'testFirstName','testLastName','2019-02-04 01:38:43',NULL),(77,179,'4240 Swanson Way','Unit 207','Castle Rock','CO','80109','US',1,'testFirstName','testLastName',0,NULL,NULL,'2019-02-04 01:38:44',NULL),(78,180,'4240 Swanson Way','Unit 207','Castle Rock','CO','80109','US',1,'testFirstName','testLastName',0,NULL,NULL,'2019-02-04 01:38:44',NULL),(79,181,'4240 Swanson Way','Unit 207','Castle Rock','CO','80109','US',0,NULL,NULL,0,NULL,NULL,'2019-02-04 01:38:45',NULL),(80,182,'4240 Swanson Way','Unit 207','Castle Rock','CO','80109','US',0,NULL,NULL,0,NULL,NULL,'2019-02-04 01:38:45',NULL),(81,188,'4240 Swanson Way','Unit 207','Castle Rock','CO','80109','US',0,NULL,NULL,1,'testFirstName','testLastName','2019-02-04 01:39:28',NULL),(82,189,'4240 Swanson Way','Unit 207','Castle Rock','CO','80109','US',0,NULL,NULL,1,'testFirstName','testLastName','2019-02-04 01:39:28',NULL),(83,190,'4240 Swanson Way','Unit 207','Castle Rock','CO','80109','US',1,'testFirstName','testLastName',0,NULL,NULL,'2019-02-04 01:39:29',NULL),(84,191,'4240 Swanson Way','Unit 207','Castle Rock','CO','80109','US',1,'testFirstName','testLastName',0,NULL,NULL,'2019-02-04 01:39:29',NULL),(85,192,'4240 Swanson Way','Unit 207','Castle Rock','CO','80109','US',0,NULL,NULL,0,NULL,NULL,'2019-02-04 01:39:30',NULL),(86,193,'4240 Swanson Way','Unit 207','Castle Rock','CO','80109','US',0,NULL,NULL,0,NULL,NULL,'2019-02-04 01:39:31',NULL),(87,199,'4240 Swanson Way','Unit 207','Castle Rock','CO','80109','US',0,NULL,NULL,1,'testFirstName','testLastName','2019-02-04 01:43:06',NULL),(88,200,'4240 Swanson Way','Unit 207','Castle Rock','CO','80109','US',0,NULL,NULL,1,'testFirstName','testLastName','2019-02-04 01:43:07',NULL),(89,201,'4240 Swanson Way','Unit 207','Castle Rock','CO','80109','US',1,'testFirstName','testLastName',0,NULL,NULL,'2019-02-04 01:43:07',NULL),(90,202,'4240 Swanson Way','Unit 207','Castle Rock','CO','80109','US',1,'testFirstName','testLastName',0,NULL,NULL,'2019-02-04 01:43:08',NULL),(91,203,'4240 Swanson Way','Unit 207','Castle Rock','CO','80109','US',0,NULL,NULL,0,NULL,NULL,'2019-02-04 01:43:08',NULL),(92,204,'4240 Swanson Way','Unit 207','Castle Rock','CO','80109','US',0,NULL,NULL,0,NULL,NULL,'2019-02-04 01:43:09',NULL),(93,210,'4240 Swanson Way','Unit 207','Castle Rock','CO','80109','US',0,NULL,NULL,1,'testFirstName','testLastName','2019-02-04 02:35:46',NULL),(94,211,'4240 Swanson Way','Unit 207','Castle Rock','CO','80109','US',0,NULL,NULL,1,'testFirstName','testLastName','2019-02-04 02:35:47',NULL),(95,212,'4240 Swanson Way','Unit 207','Castle Rock','CO','80109','US',1,'testFirstName','testLastName',0,NULL,NULL,'2019-02-04 02:35:47',NULL),(96,213,'4240 Swanson Way','Unit 207','Castle Rock','CO','80109','US',1,'testFirstName','testLastName',0,NULL,NULL,'2019-02-04 02:35:48',NULL),(97,214,'4240 Swanson Way','Unit 207','Castle Rock','CO','80109','US',0,NULL,NULL,0,NULL,NULL,'2019-02-04 02:35:48',NULL),(98,215,'4240 Swanson Way','Unit 207','Castle Rock','CO','80109','US',0,NULL,NULL,0,NULL,NULL,'2019-02-04 02:35:49',NULL),(99,223,'4240 Swanson Way','Unit 207','Castle Rock','CO','80109','US',0,NULL,NULL,1,'testFirstName','testLastName','2019-02-04 02:55:07',NULL),(100,224,'4240 Swanson Way','Unit 207','Castle Rock','CO','80109','US',0,NULL,NULL,1,'testFirstName','testLastName','2019-02-04 02:55:07',NULL),(101,225,'4240 Swanson Way','Unit 207','Castle Rock','CO','80109','US',1,'testFirstName','testLastName',0,NULL,NULL,'2019-02-04 02:55:08',NULL),(102,226,'4240 Swanson Way','Unit 207','Castle Rock','CO','80109','US',1,'testFirstName','testLastName',0,NULL,NULL,'2019-02-04 02:55:09',NULL),(103,227,'4240 Swanson Way','Unit 207','Castle Rock','CO','80109','US',0,NULL,NULL,0,NULL,NULL,'2019-02-04 02:55:09',NULL),(104,228,'4240 Swanson Way','Unit 207','Castle Rock','CO','80109','US',0,NULL,NULL,0,NULL,NULL,'2019-02-04 02:55:10',NULL),(105,236,'4240 Swanson Way','Unit 207','Castle Rock','CO','80109','US',0,NULL,NULL,1,'testFirstName','testLastName','2019-02-04 02:55:36',NULL),(106,237,'4240 Swanson Way','Unit 207','Castle Rock','CO','80109','US',0,NULL,NULL,1,'testFirstName','testLastName','2019-02-04 02:55:36',NULL),(107,238,'4240 Swanson Way','Unit 207','Castle Rock','CO','80109','US',1,'testFirstName','testLastName',0,NULL,NULL,'2019-02-04 02:55:37',NULL),(108,239,'4240 Swanson Way','Unit 207','Castle Rock','CO','80109','US',1,'testFirstName','testLastName',0,NULL,NULL,'2019-02-04 02:55:38',NULL),(109,240,'4240 Swanson Way','Unit 207','Castle Rock','CO','80109','US',0,NULL,NULL,0,NULL,NULL,'2019-02-04 02:55:39',NULL),(110,241,'4240 Swanson Way','Unit 207','Castle Rock','CO','80109','US',0,NULL,NULL,0,NULL,NULL,'2019-02-04 02:55:40',NULL),(111,249,'4240 Swanson Way','Unit 207','Castle Rock','CO','80109','US',0,NULL,NULL,1,'testFirstName','testLastName','2019-02-04 03:57:41',NULL),(112,250,'4240 Swanson Way','Unit 207','Castle Rock','CO','80109','US',0,NULL,NULL,1,'testFirstName','testLastName','2019-02-04 03:57:42',NULL),(113,251,'4240 Swanson Way','Unit 207','Castle Rock','CO','80109','US',1,'testFirstName','testLastName',0,NULL,NULL,'2019-02-04 03:57:43',NULL),(114,252,'4240 Swanson Way','Unit 207','Castle Rock','CO','80109','US',1,'testFirstName','testLastName',0,NULL,NULL,'2019-02-04 03:57:45',NULL),(115,253,'4240 Swanson Way','Unit 207','Castle Rock','CO','80109','US',0,NULL,NULL,0,NULL,NULL,'2019-02-04 03:57:45',NULL),(116,254,'4240 Swanson Way','Unit 207','Castle Rock','CO','80109','US',0,NULL,NULL,0,NULL,NULL,'2019-02-04 03:57:46',NULL),(117,262,'4240 Swanson Way','Unit 207','Castle Rock','CO','80109','US',0,NULL,NULL,1,'testFirstName','testLastName','2019-02-04 04:21:14',NULL),(118,263,'4240 Swanson Way','Unit 207','Castle Rock','CO','80109','US',0,NULL,NULL,1,'testFirstName','testLastName','2019-02-04 04:21:15',NULL),(119,264,'4240 Swanson Way','Unit 207','Castle Rock','CO','80109','US',1,'testFirstName','testLastName',0,NULL,NULL,'2019-02-04 04:21:16',NULL),(120,265,'4240 Swanson Way','Unit 207','Castle Rock','CO','80109','US',1,'testFirstName','testLastName',0,NULL,NULL,'2019-02-04 04:21:17',NULL),(121,266,'4240 Swanson Way','Unit 207','Castle Rock','CO','80109','US',0,NULL,NULL,0,NULL,NULL,'2019-02-04 04:21:18',NULL),(122,267,'4240 Swanson Way','Unit 207','Castle Rock','CO','80109','US',0,NULL,NULL,0,NULL,NULL,'2019-02-04 04:21:18',NULL),(123,275,'4240 Swanson Way','Unit 207','Castle Rock','CO','80109','US',0,NULL,NULL,1,'testFirstName','testLastName','2019-02-04 21:57:33',NULL),(124,276,'4240 Swanson Way','Unit 207','Castle Rock','CO','80109','US',0,NULL,NULL,1,'testFirstName','testLastName','2019-02-04 21:57:34',NULL),(125,277,'4240 Swanson Way','Unit 207','Castle Rock','CO','80109','US',1,'testFirstName','testLastName',0,NULL,NULL,'2019-02-04 21:57:34',NULL),(126,278,'4240 Swanson Way','Unit 207','Castle Rock','CO','80109','US',1,'testFirstName','testLastName',0,NULL,NULL,'2019-02-04 21:57:35',NULL),(127,279,'4240 Swanson Way','Unit 207','Castle Rock','CO','80109','US',0,NULL,NULL,0,NULL,NULL,'2019-02-04 21:57:35',NULL),(128,280,'4240 Swanson Way','Unit 207','Castle Rock','CO','80109','US',0,NULL,NULL,0,NULL,NULL,'2019-02-04 21:57:36',NULL),(129,287,'4240 Swanson Way','Unit 207','Castle Rock','CO','80109','US',0,NULL,NULL,1,'Keith','Becker','2019-02-05 01:27:39',NULL),(130,287,'4240 Swanson Way','Unit 207','Castle Rock','CO','80109','US',1,'Keith','Becker',0,NULL,NULL,'2019-02-05 01:27:39',NULL),(131,288,'4240 Swanson Way','Unit 207','Castle Rock','CO','80109','US',0,NULL,NULL,1,'Keith','Becker','2019-02-05 01:28:16',NULL),(132,288,'4240 Swanson Way','Unit 207','Castle Rock','CO','80109','US',1,'Keith','Becker',0,NULL,NULL,'2019-02-05 01:28:16',NULL),(133,289,'4240 Swanson Way','Unit 207','Castle Rock','CO','80109','US',0,NULL,NULL,1,'Keith','Becker','2019-02-05 01:30:38',NULL),(134,289,'4240 Swanson Way','Unit 207','Castle Rock','CO','80109','US',1,'Keith','Becker',0,NULL,NULL,'2019-02-05 01:30:39',NULL),(135,290,'4240 Swanson Way','Unit 207','Castle Rock','CO','80109','US',0,NULL,NULL,1,'Keith','Becker','2019-02-05 01:34:01',NULL),(136,290,'4240 Swanson Way','Unit 207','Castle Rock','CO','80109','US',1,'Keith','Becker',0,NULL,NULL,'2019-02-05 01:34:01',NULL),(137,291,'4240 Swanson Way','Unit 207','Castle Rock','CO','80109','US',0,NULL,NULL,1,'Keith','Becker','2019-02-05 01:34:40',NULL),(138,291,'4240 Swanson Way','Unit 207','Castle Rock','CO','80109','US',1,'Keith','Becker',0,NULL,NULL,'2019-02-05 01:34:40',NULL),(139,292,'4240 Swanson Way','Unit 207','Castle Rock','CO','80109','US',0,NULL,NULL,1,'Keith','Becker','2019-02-05 01:35:14',NULL),(140,292,'4240 Swanson Way','Unit 207','Castle Rock','CO','80109','US',1,'Keith','Becker',0,NULL,NULL,'2019-02-05 01:35:14',NULL),(141,293,'4240 Swanson Way','Unit 207','Castle Rock','CO','80109','US',0,NULL,NULL,1,'Keith','Becker','2019-02-05 01:41:05',NULL),(142,293,'4240 Swanson Way','Unit 207','Castle Rock','CO','80109','US',1,'Keith','Becker',0,NULL,NULL,'2019-02-05 01:41:05',NULL),(143,294,'4240 Swanson Way','Unit 207','Castle Rock','CO','80109','US',0,NULL,NULL,1,'Keith','Becker','2019-02-05 01:41:55',NULL),(144,294,'4240 Swanson Way','Unit 207','Castle Rock','CO','80109','US',1,'Keith','Becker',0,NULL,NULL,'2019-02-05 01:41:55',NULL),(145,296,'4240 Swanson Way','Unit 207','Castle Rock','CO','80109','US',0,NULL,NULL,1,'testFirstName','testLastName','2019-02-05 02:54:12',NULL),(146,297,'4240 Swanson Way','Unit 207','Castle Rock','CO','80109','US',0,NULL,NULL,1,'testFirstName','testLastName','2019-02-05 02:54:12',NULL),(147,298,'4240 Swanson Way','Unit 207','Castle Rock','CO','80109','US',1,'testFirstName','testLastName',0,NULL,NULL,'2019-02-05 02:54:13',NULL),(148,299,'4240 Swanson Way','Unit 207','Castle Rock','CO','80109','US',1,'testFirstName','testLastName',0,NULL,NULL,'2019-02-05 02:54:14',NULL),(149,300,'4240 Swanson Way','Unit 207','Castle Rock','CO','80109','US',0,NULL,NULL,0,NULL,NULL,'2019-02-05 02:54:15',NULL),(150,301,'4240 Swanson Way','Unit 207','Castle Rock','CO','80109','US',0,NULL,NULL,0,NULL,NULL,'2019-02-05 02:54:15',NULL),(151,308,'4240 Swanson Way','Unit 207','Castle Rock','CO','80109','US',0,NULL,NULL,1,'Keith','Becker','2019-02-05 02:54:40',NULL),(152,308,'4240 Swanson Way','Unit 207','Castle Rock','CO','80109','US',1,'Keith','Becker',0,NULL,NULL,'2019-02-05 02:54:41',NULL),(153,309,'4240 Swanson Way','Unit 207','Castle Rock','CO','80109','US',0,NULL,NULL,1,'Keith','Becker','2019-02-05 16:56:04',NULL),(154,309,'4240 Swanson Way','Unit 207','Castle Rock','CO','80109','US',1,'Keith','Becker',0,NULL,NULL,'2019-02-05 16:56:04',NULL);
/*!40000 ALTER TABLE `crm_address` ENABLE KEYS */;
UNLOCK TABLES;

--
-- Table structure for table `crm_email`
--

DROP TABLE IF EXISTS `crm_email`;
/*!40101 SET @saved_cs_client     = @@character_set_client */;
 SET character_set_client = utf8mb4 ;
CREATE TABLE `crm_email` (
  `crm_email_id` int(11) NOT NULL AUTO_INCREMENT,
  `crm_account_id` int(11) NOT NULL,
  `email_address` varchar(250) NOT NULL,
  `verified` tinyint(1) NOT NULL DEFAULT '0',
  `start_date` timestamp NOT NULL DEFAULT CURRENT_TIMESTAMP,
  `end_date` timestamp NULL DEFAULT NULL,
  PRIMARY KEY (`crm_email_id`),
  KEY `crm_account_id` (`crm_account_id`),
  KEY `email_address` (`email_address`),
  CONSTRAINT `crm_email_ibfk_1` FOREIGN KEY (`crm_account_id`) REFERENCES `crm_account` (`crm_account_id`)
) ENGINE=InnoDB AUTO_INCREMENT=345 DEFAULT CHARSET=utf8mb4 COLLATE=utf8mb4_0900_ai_ci;
/*!40101 SET character_set_client = @saved_cs_client */;

--
-- Dumping data for table `crm_email`
--

LOCK TABLES `crm_email` WRITE;
/*!40000 ALTER TABLE `crm_email` DISABLE KEYS */;
INSERT INTO `crm_email` VALUES (1,2,'keithloganbecker94@gmail.com',0,'2019-02-01 22:45:30',NULL),(2,3,'keithloganbecker94@gmail.com',0,'2019-02-01 22:46:03',NULL),(3,4,'testaccount92612376@test.com',0,'2019-02-02 21:27:11',NULL),(4,5,'testaccount41831782@test.com',0,'2019-02-02 21:29:10',NULL),(5,6,'testaccount61414742@test.com',0,'2019-02-02 21:29:58',NULL),(6,7,'testaccount85794397@test.com',0,'2019-02-02 21:30:24',NULL),(7,8,'testaccount34962135@test.com',0,'2019-02-02 21:31:49',NULL),(8,9,'testaccount99931759@test.com',0,'2019-02-02 21:35:44',NULL),(9,10,'testaccount10928241@test.com',0,'2019-02-02 21:56:56',NULL),(10,11,'testaccount34738065@test.com',0,'2019-02-02 22:05:55',NULL),(11,12,'testaccount55046592@test.com',0,'2019-02-02 22:09:17',NULL),(12,13,'testaccount99291087@test.com',0,'2019-02-02 22:10:48',NULL),(13,14,'testaccount69391125@test.com',0,'2019-02-02 22:11:00',NULL),(14,15,'testaccount72635625@test.com',0,'2019-02-02 22:20:17',NULL),(15,16,'testaccount40414086@test.com',0,'2019-02-02 22:21:43',NULL),(16,17,'testaccount40840232@test.com',0,'2019-02-02 22:22:11',NULL),(17,18,'testaccount60528479@test.com',0,'2019-02-02 22:22:37',NULL),(18,19,'testaccount54023270@test.com',0,'2019-02-02 22:22:41',NULL),(19,20,'testaccount98533466@test.com',0,'2019-02-02 22:29:19',NULL),(20,21,'testaccount79799476@test.com',0,'2019-02-02 22:30:32',NULL),(21,22,'testaccount43879665@test.com',0,'2019-02-02 22:31:06',NULL),(22,23,'testaccount66652794@test.com',0,'2019-02-02 22:32:08',NULL),(23,24,'testaccount10384335@test.com',0,'2019-02-02 22:32:13',NULL),(24,25,'testaccount77503753@test.com',0,'2019-02-02 22:33:27',NULL),(25,26,'testaccount24713052@test.com',0,'2019-02-02 22:34:44',NULL),(26,27,'testaccount86040546@test.com',0,'2019-02-02 22:39:41',NULL),(27,28,'testaccount46585286@test.com',0,'2019-02-02 22:40:15',NULL),(28,29,'testaccount11291974@test.com',0,'2019-02-02 22:42:25',NULL),(29,30,'testaccount19854394@test.com',0,'2019-02-02 22:43:02',NULL),(30,31,'testaccount23052071@test.com',0,'2019-02-02 22:44:10',NULL),(31,32,'testaccount74154672@test.com',0,'2019-02-02 22:46:28',NULL),(32,33,'testaccount62119689@test.com',0,'2019-02-02 22:50:27',NULL),(33,41,'CrmEmailId: null\nCrmAccountId: 41\nEmailAddress: null\nVerified: false\nStartDate: null\nEndDate: null\n',0,'2019-02-03 23:43:34',NULL),(34,42,'CrmEmailId: null\nCrmAccountId: 42\nEmailAddress: null\nVerified: false\nStartDate: null\nEndDate: null\n',0,'2019-02-03 23:45:31',NULL),(35,43,'CrmEmailId: null\nCrmAccountId: 43\nEmailAddress: null\nVerified: false\nStartDate: null\nEndDate: null\n',0,'2019-02-03 23:47:15',NULL),(36,44,'CrmEmailId: null\nCrmAccountId: 44\nEmailAddress: null\nVerified: false\nStartDate: null\nEndDate: null\n',0,'2019-02-03 23:48:21',NULL),(37,1,'testemail22222@test.com',0,'2019-02-03 23:52:01',NULL),(38,45,'CrmEmailId: null\nCrmAccountId: 45\nEmailAddress: null\nVerified: false\nStartDate: null\nEndDate: null\n',0,'2019-02-03 23:52:02',NULL),(39,1,'testemail22222@test.com',0,'2019-02-03 23:53:34',NULL),(40,46,'CrmEmailId: null\nCrmAccountId: 46\nEmailAddress: null\nVerified: false\nStartDate: null\nEndDate: null\n',0,'2019-02-03 23:53:34',NULL),(41,1,'testemail22222@test.com',0,'2019-02-03 23:53:54',NULL),(42,47,'CrmEmailId: null\nCrmAccountId: 47\nEmailAddress: null\nVerified: false\nStartDate: null\nEndDate: null\n',0,'2019-02-03 23:53:54',NULL),(43,1,'testemail22222@test.com',0,'2019-02-03 23:54:39',NULL),(44,1,'testemail22222@test.com',0,'2019-02-03 23:54:50',NULL),(45,49,'CrmEmailId: null\nCrmAccountId: 49\nEmailAddress: null\nVerified: false\nStartDate: null\nEndDate: null\n',0,'2019-02-03 23:54:50',NULL),(46,1,'testemail22222@test.com',0,'2019-02-03 23:55:45',NULL),(47,50,'CrmEmailId: null\nCrmAccountId: 50\nEmailAddress: null\nVerified: false\nStartDate: null\nEndDate: null\n',0,'2019-02-03 23:55:45',NULL),(48,1,'testemail22222@test.com',0,'2019-02-03 23:56:43',NULL),(49,51,'keith5039303@gmail.com',0,'2019-02-03 23:56:43',NULL),(50,1,'testemail22222@test.com',0,'2019-02-03 23:57:01',NULL),(51,52,'keith6462392@gmail.com',0,'2019-02-03 23:57:01',NULL),(52,1,'testemail22222@test.com',0,'2019-02-03 23:59:18',NULL),(53,53,'keith5214955@gmail.com',0,'2019-02-03 23:59:19',NULL),(54,1,'testemail22222@test.com',0,'2019-02-04 00:00:39',NULL),(55,54,'keith2389565@gmail.com',0,'2019-02-04 00:00:39',NULL),(56,1,'testemail22222@test.com',0,'2019-02-04 00:01:09',NULL),(57,55,'keith2706496@gmail.com',0,'2019-02-04 00:01:09',NULL),(58,1,'testemail22222@test.com',0,'2019-02-04 00:02:47',NULL),(59,56,'keith482907@gmail.com',0,'2019-02-04 00:02:48',NULL),(60,1,'testemail22222@test.com',0,'2019-02-04 00:03:34',NULL),(61,57,'keith2362672@gmail.com',0,'2019-02-04 00:03:34',NULL),(62,1,'testemail22222@test.com',0,'2019-02-04 00:04:06',NULL),(63,58,'keith2492635@gmail.com',0,'2019-02-04 00:04:06',NULL),(64,1,'testemail22222@test.com',0,'2019-02-04 00:04:56',NULL),(65,59,'keith4996902@gmail.com',0,'2019-02-04 00:04:57',NULL),(66,60,'keith2837196@gmail.com',0,'2019-02-04 00:04:57',NULL),(67,1,'testemail22222@test.com',0,'2019-02-04 00:05:41',NULL),(68,61,'keith694824@gmail.com',0,'2019-02-04 00:05:42',NULL),(69,62,'keith810046@gmail.com',0,'2019-02-04 00:05:42',NULL),(70,1,'testemail22222@test.com',0,'2019-02-04 00:06:26',NULL),(71,63,'keith870654@gmail.com',0,'2019-02-04 00:06:26',NULL),(72,64,'keith4736445@gmail.com',0,'2019-02-04 00:06:27',NULL),(73,1,'testemail22222@test.com',0,'2019-02-04 00:07:33',NULL),(74,65,'keith2532476@gmail.com',0,'2019-02-04 00:07:34',NULL),(75,66,'keith3026055@gmail.com',0,'2019-02-04 00:07:34',NULL),(76,1,'testemail22222@test.com',0,'2019-02-04 00:08:20',NULL),(77,67,'keith406788@gmail.com',0,'2019-02-04 00:08:20',NULL),(78,68,'keith9456384@gmail.com',0,'2019-02-04 00:08:20',NULL),(79,69,'keith6107671@gmail.com',0,'2019-02-04 00:08:21',NULL),(80,1,'testemail22222@test.com',0,'2019-02-04 00:08:48',NULL),(81,70,'keith8306642@gmail.com',0,'2019-02-04 00:08:48',NULL),(82,71,'keith755259@gmail.com',0,'2019-02-04 00:08:48',NULL),(83,72,'keith5696411@gmail.com',0,'2019-02-04 00:08:49',NULL),(84,1,'testemail22222@test.com',0,'2019-02-04 00:09:16',NULL),(85,73,'keith8053276@gmail.com',0,'2019-02-04 00:09:16',NULL),(86,74,'keith6268207@gmail.com',0,'2019-02-04 00:09:16',NULL),(87,75,'keith3640402@gmail.com',0,'2019-02-04 00:09:17',NULL),(88,1,'testemail22222@test.com',0,'2019-02-04 00:10:50',NULL),(89,76,'keith1859050@gmail.com',0,'2019-02-04 00:10:50',NULL),(90,77,'keith4210194@gmail.com',0,'2019-02-04 00:10:50',NULL),(91,78,'keith1703329@gmail.com',0,'2019-02-04 00:10:51',NULL),(92,1,'testemail22222@test.com',0,'2019-02-04 00:12:32',NULL),(93,79,'keith449694@gmail.com',0,'2019-02-04 00:12:32',NULL),(94,80,'keith1888777@gmail.com',0,'2019-02-04 00:12:32',NULL),(95,81,'keith4665343@gmail.com',0,'2019-02-04 00:12:33',NULL),(96,82,'keith7883617@gmail.com',0,'2019-02-04 00:12:33',NULL),(97,1,'testemail22222@test.com',0,'2019-02-04 00:13:00',NULL),(98,83,'keith9106209@gmail.com',0,'2019-02-04 00:13:00',NULL),(99,84,'keith2099844@gmail.com',0,'2019-02-04 00:13:00',NULL),(100,85,'keith8377490@gmail.com',0,'2019-02-04 00:13:01',NULL),(101,86,'keith7823795@gmail.com',0,'2019-02-04 00:13:01',NULL),(102,87,'keith9558565@gmail.com',0,'2019-02-04 00:13:02',NULL),(103,88,'keith6076583@gmail.com',0,'2019-02-04 00:13:02',NULL),(104,89,'keith2845931@gmail.com',0,'2019-02-04 00:13:03',NULL),(105,1,'testemail22222@test.com',0,'2019-02-04 00:13:49',NULL),(106,90,'keith973288@gmail.com',0,'2019-02-04 00:13:49',NULL),(107,91,'keith4101249@gmail.com',0,'2019-02-04 00:13:49',NULL),(108,92,'keith4145743@gmail.com',0,'2019-02-04 00:13:50',NULL),(109,93,'keith3255155@gmail.com',0,'2019-02-04 00:13:50',NULL),(110,94,'keith6428180@gmail.com',0,'2019-02-04 00:13:51',NULL),(111,95,'keith8525255@gmail.com',0,'2019-02-04 00:13:51',NULL),(112,96,'keith1779932@gmail.com',0,'2019-02-04 00:13:52',NULL),(113,1,'testemail22222@test.com',0,'2019-02-04 00:15:07',NULL),(114,97,'keith9742941@gmail.com',0,'2019-02-04 00:15:07',NULL),(115,98,'keith8755809@gmail.com',0,'2019-02-04 00:15:08',NULL),(116,99,'keith1002025@gmail.com',0,'2019-02-04 00:15:09',NULL),(117,100,'keith3115708@gmail.com',0,'2019-02-04 00:15:09',NULL),(118,101,'keith9302261@gmail.com',0,'2019-02-04 00:15:10',NULL),(119,102,'keith2084099@gmail.com',0,'2019-02-04 00:15:10',NULL),(120,103,'keith7451227@gmail.com',0,'2019-02-04 00:15:11',NULL),(121,1,'testemail22222@test.com',0,'2019-02-04 00:30:23',NULL),(122,104,'keith9709122@gmail.com',0,'2019-02-04 00:30:23',NULL),(123,105,'keith7510454@gmail.com',0,'2019-02-04 00:30:24',NULL),(124,106,'keith7917028@gmail.com',0,'2019-02-04 00:30:25',NULL),(125,107,'keith5053836@gmail.com',0,'2019-02-04 00:30:25',NULL),(126,108,'keith9328921@gmail.com',0,'2019-02-04 00:30:25',NULL),(127,109,'keith8170478@gmail.com',0,'2019-02-04 00:30:26',NULL),(128,110,'keith3051573@gmail.com',0,'2019-02-04 00:30:26',NULL),(129,111,'keithtest7514553@gmail.com',0,'2019-02-04 00:30:27',NULL),(130,1,'testemail22222@test.com',0,'2019-02-04 00:30:49',NULL),(131,112,'keith6617010@gmail.com',0,'2019-02-04 00:30:49',NULL),(132,113,'keith8503629@gmail.com',0,'2019-02-04 00:30:50',NULL),(133,114,'keith9553113@gmail.com',0,'2019-02-04 00:30:51',NULL),(134,115,'keith2373413@gmail.com',0,'2019-02-04 00:30:51',NULL),(135,116,'keith9021043@gmail.com',0,'2019-02-04 00:30:52',NULL),(136,117,'keith987798@gmail.com',0,'2019-02-04 00:30:52',NULL),(137,118,'keith5092717@gmail.com',0,'2019-02-04 00:30:53',NULL),(138,119,'keithtest5931549@gmail.com',0,'2019-02-04 00:30:53',NULL),(139,1,'testemail22222@test.com',0,'2019-02-04 00:31:23',NULL),(140,120,'keith8932516@gmail.com',0,'2019-02-04 00:31:23',NULL),(141,121,'keith4977644@gmail.com',0,'2019-02-04 00:31:23',NULL),(142,122,'keith7867015@gmail.com',0,'2019-02-04 00:31:24',NULL),(143,123,'keith7491362@gmail.com',0,'2019-02-04 00:31:24',NULL),(144,124,'keith812511@gmail.com',0,'2019-02-04 00:31:25',NULL),(145,125,'keith4080095@gmail.com',0,'2019-02-04 00:31:26',NULL),(146,126,'keith7317088@gmail.com',0,'2019-02-04 00:31:27',NULL),(147,127,'keithtest2372272@gmail.com',0,'2019-02-04 00:31:28',NULL),(148,1,'testemail22222@test.com',0,'2019-02-04 00:34:16',NULL),(149,128,'keith9990867@gmail.com',0,'2019-02-04 00:34:16',NULL),(150,129,'keith767843@gmail.com',0,'2019-02-04 00:34:17',NULL),(151,130,'keith1743616@gmail.com',0,'2019-02-04 00:34:17',NULL),(152,131,'keith9228011@gmail.com',0,'2019-02-04 00:34:18',NULL),(153,132,'keith4581191@gmail.com',0,'2019-02-04 00:34:19',NULL),(154,133,'keith5393084@gmail.com',0,'2019-02-04 00:34:19',NULL),(155,134,'keith6118351@gmail.com',0,'2019-02-04 00:34:20',NULL),(156,135,'keithtest2255350@gmail.com',0,'2019-02-04 00:34:20',NULL),(157,136,'keithtest7881744@gmail.com',0,'2019-02-04 00:34:21',NULL),(158,1,'testemail22222@test.com',0,'2019-02-04 00:34:59',NULL),(159,137,'keith8573840@gmail.com',0,'2019-02-04 00:34:59',NULL),(160,138,'keith752681@gmail.com',0,'2019-02-04 00:35:00',NULL),(161,139,'keith8520150@gmail.com',0,'2019-02-04 00:35:00',NULL),(162,140,'keith6429088@gmail.com',0,'2019-02-04 00:35:00',NULL),(163,141,'keith8790360@gmail.com',0,'2019-02-04 00:35:02',NULL),(164,142,'keith7860610@gmail.com',0,'2019-02-04 00:35:03',NULL),(165,143,'keith7805355@gmail.com',0,'2019-02-04 00:35:04',NULL),(166,144,'keithtest4278877@gmail.com',0,'2019-02-04 00:35:05',NULL),(167,145,'keithtest360087@gmail.com',0,'2019-02-04 00:35:06',NULL),(168,1,'testemail22222@test.com',0,'2019-02-04 00:36:06',NULL),(169,146,'keith1108200@gmail.com',0,'2019-02-04 00:36:06',NULL),(170,147,'keith8229046@gmail.com',0,'2019-02-04 00:36:07',NULL),(171,148,'keith9306492@gmail.com',0,'2019-02-04 00:36:07',NULL),(172,149,'keith643693@gmail.com',0,'2019-02-04 00:36:07',NULL),(173,150,'keith7266012@gmail.com',0,'2019-02-04 00:36:08',NULL),(174,151,'keith7743157@gmail.com',0,'2019-02-04 00:36:08',NULL),(175,152,'keith2648279@gmail.com',0,'2019-02-04 00:36:08',NULL),(176,153,'keithtest7377628@gmail.com',0,'2019-02-04 00:36:09',NULL),(177,154,'keithtest6262838@gmail.com',0,'2019-02-04 00:36:09',NULL),(178,1,'testemail22222@test.com',0,'2019-02-04 00:39:43',NULL),(179,155,'keith2807703@gmail.com',0,'2019-02-04 00:39:43',NULL),(180,156,'keith6800342@gmail.com',0,'2019-02-04 00:39:44',NULL),(181,157,'keith446626@gmail.com',0,'2019-02-04 00:39:44',NULL),(182,158,'keith7911816@gmail.com',0,'2019-02-04 00:39:45',NULL),(183,159,'keith596878@gmail.com',0,'2019-02-04 00:39:45',NULL),(184,160,'keith2755956@gmail.com',0,'2019-02-04 00:39:45',NULL),(185,161,'keith6874155@gmail.com',0,'2019-02-04 00:39:46',NULL),(186,162,'keithtest9919203@gmail.com',0,'2019-02-04 00:39:46',NULL),(187,163,'keithtest6686149@gmail.com',0,'2019-02-04 00:39:47',NULL),(188,164,'keithtest6202671@gmail.com',0,'2019-02-04 00:39:47',NULL),(189,1,'testemail22222@test.com',0,'2019-02-04 00:40:10',NULL),(190,165,'keith2107571@gmail.com',0,'2019-02-04 00:40:10',NULL),(191,166,'keith1546708@gmail.com',0,'2019-02-04 00:40:11',NULL),(192,167,'keith5378451@gmail.com',0,'2019-02-04 00:40:11',NULL),(193,168,'keith5044795@gmail.com',0,'2019-02-04 00:40:11',NULL),(194,169,'keith8016742@gmail.com',0,'2019-02-04 00:40:12',NULL),(195,170,'keith65345@gmail.com',0,'2019-02-04 00:40:12',NULL),(196,171,'keith9404658@gmail.com',0,'2019-02-04 00:40:13',NULL),(197,172,'keithtest2000382@gmail.com',0,'2019-02-04 00:40:13',NULL),(198,173,'keithtest9921123@gmail.com',0,'2019-02-04 00:40:14',NULL),(199,174,'keithtest8759156@gmail.com',0,'2019-02-04 00:40:15',NULL),(200,175,'keithtest2611810@gmail.com',0,'2019-02-04 00:40:16',NULL),(201,1,'testemail22222@test.com',0,'2019-02-04 01:38:42',NULL),(202,176,'keith3227698@gmail.com',0,'2019-02-04 01:38:42',NULL),(203,177,'keith3711891@gmail.com',0,'2019-02-04 01:38:43',NULL),(204,178,'keith3426330@gmail.com',0,'2019-02-04 01:38:43',NULL),(205,179,'keith9588331@gmail.com',0,'2019-02-04 01:38:44',NULL),(206,180,'keith6538372@gmail.com',0,'2019-02-04 01:38:44',NULL),(207,181,'keith862066@gmail.com',0,'2019-02-04 01:38:45',NULL),(208,182,'keith9389122@gmail.com',0,'2019-02-04 01:38:45',NULL),(209,183,'keithtest5209777@gmail.com',0,'2019-02-04 01:38:45',NULL),(210,184,'keithtest3111238@gmail.com',0,'2019-02-04 01:38:46',NULL),(211,185,'keithtest2859074@gmail.com',0,'2019-02-04 01:38:46',NULL),(212,186,'keithtest7922716@gmail.com',0,'2019-02-04 01:38:47',NULL),(213,1,'testemail22222@test.com',0,'2019-02-04 01:39:27',NULL),(214,187,'keith3230297@gmail.com',0,'2019-02-04 01:39:27',NULL),(215,188,'keith2658204@gmail.com',0,'2019-02-04 01:39:27',NULL),(216,189,'keith1039381@gmail.com',0,'2019-02-04 01:39:28',NULL),(217,190,'keith4656788@gmail.com',0,'2019-02-04 01:39:29',NULL),(218,191,'keith7987804@gmail.com',0,'2019-02-04 01:39:29',NULL),(219,192,'keith6131536@gmail.com',0,'2019-02-04 01:39:30',NULL),(220,193,'keith1764801@gmail.com',0,'2019-02-04 01:39:31',NULL),(221,194,'keithtest5324807@gmail.com',0,'2019-02-04 01:39:31',NULL),(222,195,'keithtest5323117@gmail.com',0,'2019-02-04 01:39:32',NULL),(223,196,'keithtest7007097@gmail.com',0,'2019-02-04 01:39:33',NULL),(224,197,'keithtest2252593@gmail.com',0,'2019-02-04 01:39:34',NULL),(225,1,'testemail22222@test.com',0,'2019-02-04 01:43:05',NULL),(226,198,'keith469987@gmail.com',0,'2019-02-04 01:43:06',NULL),(227,199,'keith5494550@gmail.com',0,'2019-02-04 01:43:06',NULL),(228,200,'keith3403497@gmail.com',0,'2019-02-04 01:43:07',NULL),(229,201,'keith280405@gmail.com',0,'2019-02-04 01:43:07',NULL),(230,202,'keith8260376@gmail.com',0,'2019-02-04 01:43:07',NULL),(231,203,'keith2077971@gmail.com',0,'2019-02-04 01:43:08',NULL),(232,204,'keith2241373@gmail.com',0,'2019-02-04 01:43:08',NULL),(233,205,'keithtest1089267@gmail.com',0,'2019-02-04 01:43:09',NULL),(234,206,'keithtest5678211@gmail.com',0,'2019-02-04 01:43:09',NULL),(235,207,'keithtest1060454@gmail.com',0,'2019-02-04 01:43:10',NULL),(236,208,'keithtest9264757@gmail.com',0,'2019-02-04 01:43:11',NULL),(237,1,'testemail22222@test.com',0,'2019-02-04 02:35:45',NULL),(238,209,'keith4003840@gmail.com',0,'2019-02-04 02:35:46',NULL),(239,210,'keith5338514@gmail.com',0,'2019-02-04 02:35:46',NULL),(240,211,'keith46214@gmail.com',0,'2019-02-04 02:35:46',NULL),(241,212,'keith6716907@gmail.com',0,'2019-02-04 02:35:47',NULL),(242,213,'keith6376418@gmail.com',0,'2019-02-04 02:35:47',NULL),(243,214,'keith3898186@gmail.com',0,'2019-02-04 02:35:48',NULL),(244,215,'keith2970794@gmail.com',0,'2019-02-04 02:35:48',NULL),(245,216,'keithtest4846113@gmail.com',0,'2019-02-04 02:35:49',NULL),(246,217,'keithtest1196985@gmail.com',0,'2019-02-04 02:35:50',NULL),(247,218,'keithtest8991108@gmail.com',0,'2019-02-04 02:35:50',NULL),(248,219,'keithtest9700058@gmail.com',0,'2019-02-04 02:35:51',NULL),(249,220,'keithtest4053829@gmail.com',0,'2019-02-04 02:35:51',NULL),(250,221,'keithtest623895@gmail.com',0,'2019-02-04 02:35:53',NULL),(251,1,'testemail22222@test.com',0,'2019-02-04 02:55:06',NULL),(252,222,'keith5554031@gmail.com',0,'2019-02-04 02:55:06',NULL),(253,223,'keith196120@gmail.com',0,'2019-02-04 02:55:07',NULL),(254,224,'keith3401987@gmail.com',0,'2019-02-04 02:55:07',NULL),(255,225,'keith8013942@gmail.com',0,'2019-02-04 02:55:08',NULL),(256,226,'keith9481451@gmail.com',0,'2019-02-04 02:55:08',NULL),(257,227,'keith1878211@gmail.com',0,'2019-02-04 02:55:09',NULL),(258,228,'keith6919083@gmail.com',0,'2019-02-04 02:55:09',NULL),(259,229,'keithtest6536599@gmail.com',0,'2019-02-04 02:55:10',NULL),(260,230,'keithtest8043213@gmail.com',0,'2019-02-04 02:55:10',NULL),(261,231,'keithtest8166116@gmail.com',0,'2019-02-04 02:55:11',NULL),(262,232,'keithtest1627748@gmail.com',0,'2019-02-04 02:55:12',NULL),(263,233,'keithtest4462941@gmail.com',0,'2019-02-04 02:55:12',NULL),(264,234,'keithtest6197651@gmail.com',0,'2019-02-04 02:55:13',NULL),(265,1,'testemail22222@test.com',0,'2019-02-04 02:55:34',NULL),(266,235,'keith1901026@gmail.com',0,'2019-02-04 02:55:35',NULL),(267,236,'keith5475617@gmail.com',0,'2019-02-04 02:55:35',NULL),(268,237,'keith1751685@gmail.com',0,'2019-02-04 02:55:36',NULL),(269,238,'keith1548033@gmail.com',0,'2019-02-04 02:55:37',NULL),(270,239,'keith1608504@gmail.com',0,'2019-02-04 02:55:38',NULL),(271,240,'keith7163210@gmail.com',0,'2019-02-04 02:55:38',NULL),(272,241,'keith3409517@gmail.com',0,'2019-02-04 02:55:39',NULL),(273,242,'keithtest3663532@gmail.com',0,'2019-02-04 02:55:40',NULL),(274,243,'keithtest7483789@gmail.com',0,'2019-02-04 02:55:41',NULL),(275,244,'keithtest2156726@gmail.com',0,'2019-02-04 02:55:42',NULL),(276,245,'keithtest3394525@gmail.com',0,'2019-02-04 02:55:44',NULL),(277,246,'keithtest8999643@gmail.com',0,'2019-02-04 02:55:45',NULL),(278,247,'keithtest9808861@gmail.com',0,'2019-02-04 02:55:46',NULL),(279,1,'testemail22222@test.com',0,'2019-02-04 03:57:40',NULL),(280,248,'keith4996801@gmail.com',0,'2019-02-04 03:57:40',NULL),(281,249,'keith395151@gmail.com',0,'2019-02-04 03:57:41',NULL),(282,250,'keith5802442@gmail.com',0,'2019-02-04 03:57:41',NULL),(283,251,'keith9900924@gmail.com',0,'2019-02-04 03:57:42',NULL),(284,252,'keith7422343@gmail.com',0,'2019-02-04 03:57:44',NULL),(285,253,'keith2953401@gmail.com',0,'2019-02-04 03:57:45',NULL),(286,254,'keith2479384@gmail.com',0,'2019-02-04 03:57:45',NULL),(287,255,'keithtest1497412@gmail.com',0,'2019-02-04 03:57:47',NULL),(288,256,'keithtest9892251@gmail.com',0,'2019-02-04 03:57:48',NULL),(289,257,'keithtest9197891@gmail.com',0,'2019-02-04 03:57:49',NULL),(290,258,'keithtest570373@gmail.com',0,'2019-02-04 03:57:50',NULL),(291,259,'keithtest7863251@gmail.com',0,'2019-02-04 03:57:51',NULL),(292,260,'keithtest1384237@gmail.com',0,'2019-02-04 03:57:53',NULL),(293,1,'testemail22222@test.com',0,'2019-02-04 04:21:12',NULL),(294,261,'keith202637@gmail.com',0,'2019-02-04 04:21:13',NULL),(295,262,'keith2403776@gmail.com',0,'2019-02-04 04:21:14',NULL),(296,263,'keith1382346@gmail.com',0,'2019-02-04 04:21:15',NULL),(297,264,'keith1434958@gmail.com',0,'2019-02-04 04:21:16',NULL),(298,265,'keith2366214@gmail.com',0,'2019-02-04 04:21:16',NULL),(299,266,'keith9713723@gmail.com',0,'2019-02-04 04:21:17',NULL),(300,267,'keith4823300@gmail.com',0,'2019-02-04 04:21:18',NULL),(301,268,'keithtest6397875@gmail.com',0,'2019-02-04 04:21:19',NULL),(302,269,'keithtest249726@gmail.com',0,'2019-02-04 04:21:20',NULL),(303,270,'keithtest9225265@gmail.com',0,'2019-02-04 04:21:21',NULL),(304,271,'keithtest2837958@gmail.com',0,'2019-02-04 04:21:22',NULL),(305,272,'keithtest4583386@gmail.com',0,'2019-02-04 04:21:22',NULL),(306,273,'keithtest8611944@gmail.com',0,'2019-02-04 04:21:24',NULL),(307,1,'testemail22222@test.com',0,'2019-02-04 21:57:30',NULL),(308,274,'keith8203340@gmail.com',0,'2019-02-04 21:57:31',NULL),(309,275,'keith3055469@gmail.com',0,'2019-02-04 21:57:32',NULL),(310,276,'keith6153910@gmail.com',0,'2019-02-04 21:57:33',NULL),(311,277,'keith7419147@gmail.com',0,'2019-02-04 21:57:34',NULL),(312,278,'keith5791842@gmail.com',0,'2019-02-04 21:57:34',NULL),(313,279,'keith5768408@gmail.com',0,'2019-02-04 21:57:35',NULL),(314,280,'keith9482042@gmail.com',0,'2019-02-04 21:57:35',NULL),(315,281,'keithtest9156530@gmail.com',0,'2019-02-04 21:57:36',NULL),(316,282,'keithtest5413486@gmail.com',0,'2019-02-04 21:57:37',NULL),(317,283,'keithtest3826886@gmail.com',0,'2019-02-04 21:57:37',NULL),(318,284,'keithtest1586022@gmail.com',0,'2019-02-04 21:57:39',NULL),(319,285,'keithtest9646248@gmail.com',0,'2019-02-04 21:57:39',NULL),(320,286,'keithtest7317237@gmail.com',0,'2019-02-04 21:57:40',NULL),(321,287,'keith36746@test.com',0,'2019-02-05 01:27:36',NULL),(322,288,'keith21948@test.com',0,'2019-02-05 01:28:16',NULL),(323,289,'keith34537@test.com',0,'2019-02-05 01:30:37',NULL),(324,290,'keith52319@test.com',0,'2019-02-05 01:34:00',NULL),(325,291,'keith71120@test.com',0,'2019-02-05 01:34:39',NULL),(326,292,'keith27820@test.com',0,'2019-02-05 01:35:13',NULL),(327,293,'keith23242@test.com',0,'2019-02-05 01:41:05',NULL),(328,294,'keith53424@test.com',0,'2019-02-05 01:41:54',NULL),(329,1,'testemail22222@test.com',0,'2019-02-05 02:54:10',NULL),(330,295,'keith3008411@gmail.com',0,'2019-02-05 02:54:10',NULL),(331,296,'keith7145558@gmail.com',0,'2019-02-05 02:54:11',NULL),(332,297,'keith1657442@gmail.com',0,'2019-02-05 02:54:12',NULL),(333,298,'keith2727934@gmail.com',0,'2019-02-05 02:54:13',NULL),(334,299,'keith9315890@gmail.com',0,'2019-02-05 02:54:14',NULL),(335,300,'keith4235068@gmail.com',0,'2019-02-05 02:54:15',NULL),(336,301,'keith8440016@gmail.com',0,'2019-02-05 02:54:15',NULL),(337,302,'keithtest5737722@gmail.com',0,'2019-02-05 02:54:16',NULL),(338,303,'keithtest3556245@gmail.com',0,'2019-02-05 02:54:16',NULL),(339,304,'keithtest4250191@gmail.com',0,'2019-02-05 02:54:17',NULL),(340,305,'keithtest8675419@gmail.com',0,'2019-02-05 02:54:18',NULL),(341,306,'keithtest1997974@gmail.com',0,'2019-02-05 02:54:18',NULL),(342,307,'keithtest6463557@gmail.com',0,'2019-02-05 02:54:19',NULL),(343,308,'keith76884@test.com',0,'2019-02-05 02:54:39',NULL),(344,309,'keith55233@test.com',0,'2019-02-05 16:56:02',NULL);
/*!40000 ALTER TABLE `crm_email` ENABLE KEYS */;
UNLOCK TABLES;

--
-- Table structure for table `crm_login_credentials`
--

DROP TABLE IF EXISTS `crm_login_credentials`;
/*!40101 SET @saved_cs_client     = @@character_set_client */;
 SET character_set_client = utf8mb4 ;
CREATE TABLE `crm_login_credentials` (
  `crm_login_credentials_id` int(11) NOT NULL AUTO_INCREMENT,
  `crm_account_id` int(11) NOT NULL,
  `username` varchar(100) DEFAULT NULL,
  `password` varchar(100) NOT NULL,
  `add_time` timestamp NULL DEFAULT CURRENT_TIMESTAMP,
  PRIMARY KEY (`crm_login_credentials_id`),
  UNIQUE KEY `crm_account_id` (`crm_account_id`)
) ENGINE=InnoDB AUTO_INCREMENT=23 DEFAULT CHARSET=utf8mb4 COLLATE=utf8mb4_0900_ai_ci;
/*!40101 SET character_set_client = @saved_cs_client */;

--
-- Dumping data for table `crm_login_credentials`
--

LOCK TABLES `crm_login_credentials` WRITE;
/*!40000 ALTER TABLE `crm_login_credentials` DISABLE KEYS */;
INSERT INTO `crm_login_credentials` VALUES (1,174,'testusername','testpassword','2019-02-04 00:40:15'),(2,175,'testusername','testpassword','2019-02-04 00:40:16'),(3,185,'testusername','testpassword','2019-02-04 01:38:47'),(4,186,'testusername','testpassword','2019-02-04 01:38:48'),(5,196,'testusername','testpassword','2019-02-04 01:39:34'),(6,197,'testusername','testpassword','2019-02-04 01:39:35'),(7,207,'testusername','testpassword','2019-02-04 01:43:11'),(8,208,'testusername','testpassword','2019-02-04 01:43:11'),(9,218,'testusername','testpassword','2019-02-04 02:35:51'),(10,219,'testusername','testpassword','2019-02-04 02:35:51'),(11,231,'testusername','testpassword','2019-02-04 02:55:11'),(12,232,'testusername','testpassword','2019-02-04 02:55:12'),(13,244,'testusername','testpassword','2019-02-04 02:55:43'),(14,245,'testusername','testpassword','2019-02-04 02:55:45'),(15,257,'testusername','testpassword','2019-02-04 03:57:49'),(16,258,'testusername','testpassword','2019-02-04 03:57:50'),(17,270,'testusername','testpassword','2019-02-04 04:21:21'),(18,271,'testusername','testpassword','2019-02-04 04:21:22'),(19,283,'testusername','testpassword','2019-02-04 21:57:38'),(20,284,'testusername','testpassword','2019-02-04 21:57:39'),(21,304,'testusername','testpassword','2019-02-05 02:54:18'),(22,305,'testusername','testpassword','2019-02-05 02:54:18');
/*!40000 ALTER TABLE `crm_login_credentials` ENABLE KEYS */;
UNLOCK TABLES;

--
-- Table structure for table `crm_person`
--

DROP TABLE IF EXISTS `crm_person`;
/*!40101 SET @saved_cs_client     = @@character_set_client */;
 SET character_set_client = utf8mb4 ;
CREATE TABLE `crm_person` (
  `crm_person_id` int(11) NOT NULL AUTO_INCREMENT,
  `crm_account_id` int(11) NOT NULL,
  `first_name` varchar(27) NOT NULL,
  `last_name` varchar(27) NOT NULL,
  `middle_name` varchar(27) DEFAULT NULL,
  `birthday` date DEFAULT NULL,
  `gender` enum('male','female') NOT NULL,
  `phone_number` varchar(25) DEFAULT NULL,
  PRIMARY KEY (`crm_person_id`),
  UNIQUE KEY `crm_account_id` (`crm_account_id`),
  CONSTRAINT `crm_person_ibfk_1` FOREIGN KEY (`crm_account_id`) REFERENCES `crm_account` (`crm_account_id`)
) ENGINE=InnoDB AUTO_INCREMENT=307 DEFAULT CHARSET=utf8mb4 COLLATE=utf8mb4_0900_ai_ci;
/*!40101 SET character_set_client = @saved_cs_client */;

--
-- Dumping data for table `crm_person`
--

LOCK TABLES `crm_person` WRITE;
/*!40000 ALTER TABLE `crm_person` DISABLE KEYS */;
INSERT INTO `crm_person` VALUES (1,2,'Keith','Becker','Logan',NULL,'male','8082258615'),(2,3,'Keith','Becker','Logan',NULL,'male','8082258615'),(3,4,'TestFirstName','TestLastName','TestMiddleName',NULL,'male',NULL),(4,5,'TestFirstName','TestLastName','TestMiddleName',NULL,'male',NULL),(5,6,'TestFirstName','TestLastName','TestMiddleName',NULL,'male',NULL),(6,7,'TestFirstName','TestLastName','TestMiddleName',NULL,'male',NULL),(7,8,'TestFirstName','TestLastName','TestMiddleName',NULL,'male',NULL),(8,9,'TestFirstName','TestLastName','TestMiddleName',NULL,'male',NULL),(9,10,'TestFirstName','TestLastName','TestMiddleName',NULL,'male',NULL),(10,11,'TestFirstName','TestLastName','TestMiddleName',NULL,'male',NULL),(11,12,'TestFirstName','TestLastName','TestMiddleName',NULL,'male',NULL),(12,13,'TestFirstName','TestLastName','TestMiddleName',NULL,'male',NULL),(13,14,'TestFirstName','TestLastName','TestMiddleName',NULL,'male',NULL),(14,15,'TestFirstName','TestLastName','TestMiddleName',NULL,'male',NULL),(15,16,'TestFirstName','TestLastName','TestMiddleName',NULL,'male',NULL),(16,17,'TestFirstName','TestLastName','TestMiddleName',NULL,'male',NULL),(17,18,'TestFirstName','TestLastName','TestMiddleName',NULL,'male',NULL),(18,19,'TestFirstName','TestLastName','TestMiddleName',NULL,'male',NULL),(19,20,'TestFirstName','TestLastName','TestMiddleName',NULL,'male',NULL),(20,21,'TestFirstName','TestLastName','TestMiddleName',NULL,'male',NULL),(21,22,'TestFirstName','TestLastName','TestMiddleName',NULL,'male',NULL),(22,23,'TestFirstName','TestLastName','TestMiddleName',NULL,'male',NULL),(23,24,'TestFirstName','TestLastName','TestMiddleName',NULL,'male',NULL),(24,25,'TestFirstName','TestLastName','TestMiddleName',NULL,'male',NULL),(25,26,'TestFirstName','TestLastName','TestMiddleName',NULL,'male',NULL),(26,27,'TestFirstName','TestLastName','TestMiddleName',NULL,'male',NULL),(27,28,'TestFirstName','TestLastName','TestMiddleName',NULL,'male',NULL),(28,29,'TestFirstName','TestLastName','TestMiddleName',NULL,'male',NULL),(29,30,'TestFirstName','TestLastName','TestMiddleName',NULL,'male',NULL),(30,31,'TestFirstName','TestLastName','TestMiddleName',NULL,'male',NULL),(31,32,'TestFirstName','TestLastName','TestMiddleName',NULL,'male',NULL),(32,33,'TestFirstName','TestLastName','TestMiddleName',NULL,'male',NULL),(33,34,'Keith','Becker',NULL,NULL,'male','8082258615'),(34,35,'Keith','Becker',NULL,NULL,'male','8082258615'),(35,36,'Kyle','Decker',NULL,NULL,'male','5555555555'),(36,37,'Kyle','Decker',NULL,NULL,'male','5555555555'),(37,38,'Kyle','Decker',NULL,NULL,'male','5555555555'),(38,39,'Kyle','Decker',NULL,NULL,'male','5555555555'),(39,41,'testFirstName','testLastName','testMiddleName',NULL,'male','8082258615'),(40,42,'testFirstName','testLastName','testMiddleName',NULL,'male','8082258615'),(41,43,'testFirstName','testLastName','testMiddleName',NULL,'male','8082258615'),(42,44,'testFirstName','testLastName','testMiddleName',NULL,'male','8082258615'),(43,45,'testFirstName','testLastName','testMiddleName',NULL,'male','8082258615'),(44,46,'testFirstName','testLastName','testMiddleName',NULL,'male','8082258615'),(45,47,'testFirstName','testLastName','testMiddleName',NULL,'male','8082258615'),(46,49,'testFirstName','testLastName','testMiddleName',NULL,'male','8082258615'),(47,50,'testFirstName','testLastName','testMiddleName',NULL,'male','8082258615'),(48,51,'testFirstName','testLastName','testMiddleName',NULL,'male','8082258615'),(49,52,'testFirstName','testLastName','testMiddleName',NULL,'male','8082258615'),(50,53,'testFirstName','testLastName','testMiddleName',NULL,'male','8082258615'),(51,54,'testFirstName','testLastName','testMiddleName',NULL,'male','8082258615'),(52,55,'testFirstName','testLastName','testMiddleName',NULL,'male','8082258615'),(53,56,'testFirstName','testLastName','testMiddleName',NULL,'male','8082258615'),(54,57,'testFirstName','testLastName','testMiddleName',NULL,'male','8082258615'),(55,58,'testFirstName','testLastName','testMiddleName',NULL,'male','8082258615'),(56,59,'testFirstName','testLastName','testMiddleName',NULL,'male','8082258615'),(57,60,'testFirstName','testLastName','testMiddleName',NULL,'male','8082258615'),(58,61,'testFirstName','testLastName','testMiddleName',NULL,'male','8082258615'),(59,62,'testFirstName','testLastName','testMiddleName',NULL,'male','8082258615'),(60,63,'testFirstName','testLastName','testMiddleName',NULL,'male','8082258615'),(61,64,'testFirstName','testLastName','testMiddleName',NULL,'male','8082258615'),(62,65,'testFirstName','testLastName','testMiddleName',NULL,'male','8082258615'),(63,66,'testFirstName','testLastName','testMiddleName',NULL,'male','8082258615'),(64,67,'testFirstName','testLastName','testMiddleName',NULL,'male','8082258615'),(65,68,'testFirstName','testLastName','testMiddleName',NULL,'male','8082258615'),(66,69,'testFirstName','testLastName','testMiddleName',NULL,'male','8082258615'),(67,70,'testFirstName','testLastName','testMiddleName',NULL,'male','8082258615'),(68,71,'testFirstName','testLastName','testMiddleName',NULL,'male','8082258615'),(69,72,'testFirstName','testLastName','testMiddleName',NULL,'male','8082258615'),(70,73,'testFirstName','testLastName','testMiddleName',NULL,'male','8082258615'),(71,74,'testFirstName','testLastName','testMiddleName',NULL,'male','8082258615'),(72,75,'testFirstName','testLastName','testMiddleName',NULL,'male','8082258615'),(73,76,'testFirstName','testLastName','testMiddleName',NULL,'male','8082258615'),(74,77,'testFirstName','testLastName','testMiddleName',NULL,'male','8082258615'),(75,78,'testFirstName','testLastName','testMiddleName',NULL,'male','8082258615'),(76,79,'testFirstName','testLastName','testMiddleName',NULL,'male','8082258615'),(77,80,'testFirstName','testLastName','testMiddleName',NULL,'male','8082258615'),(78,81,'testFirstName','testLastName','testMiddleName',NULL,'male','8082258615'),(79,82,'testFirstName','testLastName','testMiddleName',NULL,'male','8082258615'),(80,83,'testFirstName','testLastName','testMiddleName',NULL,'male','8082258615'),(81,84,'testFirstName','testLastName','testMiddleName',NULL,'male','8082258615'),(82,85,'testFirstName','testLastName','testMiddleName',NULL,'male','8082258615'),(83,86,'testFirstName','testLastName','testMiddleName',NULL,'male','8082258615'),(84,87,'testFirstName','testLastName','testMiddleName',NULL,'male','8082258615'),(85,88,'testFirstName','testLastName','testMiddleName',NULL,'male','8082258615'),(86,89,'testFirstName','testLastName','testMiddleName',NULL,'male','8082258615'),(87,90,'testFirstName','testLastName','testMiddleName',NULL,'male','8082258615'),(88,91,'testFirstName','testLastName','testMiddleName',NULL,'male','8082258615'),(89,92,'testFirstName','testLastName','testMiddleName',NULL,'male','8082258615'),(90,93,'testFirstName','testLastName','testMiddleName',NULL,'male','8082258615'),(91,94,'testFirstName','testLastName','testMiddleName',NULL,'male','8082258615'),(92,95,'testFirstName','testLastName','testMiddleName',NULL,'male','8082258615'),(93,96,'testFirstName','testLastName','testMiddleName',NULL,'male','8082258615'),(94,97,'testFirstName','testLastName','testMiddleName',NULL,'male','8082258615'),(95,98,'testFirstName','testLastName','testMiddleName',NULL,'male','8082258615'),(96,99,'testFirstName','testLastName','testMiddleName',NULL,'male','8082258615'),(97,100,'testFirstName','testLastName','testMiddleName',NULL,'male','8082258615'),(98,101,'testFirstName','testLastName','testMiddleName',NULL,'male','8082258615'),(99,102,'testFirstName','testLastName','testMiddleName',NULL,'male','8082258615'),(100,103,'testFirstName','testLastName','testMiddleName',NULL,'male','8082258615'),(101,104,'testFirstName','testLastName','testMiddleName',NULL,'male','8082258615'),(102,105,'testFirstName','testLastName','testMiddleName',NULL,'male','8082258615'),(103,106,'testFirstName','testLastName','testMiddleName',NULL,'male','8082258615'),(104,107,'testFirstName','testLastName','testMiddleName',NULL,'male','8082258615'),(105,108,'testFirstName','testLastName','testMiddleName',NULL,'male','8082258615'),(106,109,'testFirstName','testLastName','testMiddleName',NULL,'male','8082258615'),(107,110,'testFirstName','testLastName','testMiddleName',NULL,'male','8082258615'),(108,111,'testFirstName','testLastName','testMiddleName',NULL,'male','8082258615'),(109,112,'testFirstName','testLastName','testMiddleName',NULL,'male','8082258615'),(110,113,'testFirstName','testLastName','testMiddleName',NULL,'male','8082258615'),(111,114,'testFirstName','testLastName','testMiddleName',NULL,'male','8082258615'),(112,115,'testFirstName','testLastName','testMiddleName',NULL,'male','8082258615'),(113,116,'testFirstName','testLastName','testMiddleName',NULL,'male','8082258615'),(114,117,'testFirstName','testLastName','testMiddleName',NULL,'male','8082258615'),(115,118,'testFirstName','testLastName','testMiddleName',NULL,'male','8082258615'),(116,119,'testFirstName','testLastName','testMiddleName',NULL,'male','8082258615'),(117,120,'testFirstName','testLastName','testMiddleName',NULL,'male','8082258615'),(118,121,'testFirstName','testLastName','testMiddleName',NULL,'male','8082258615'),(119,122,'testFirstName','testLastName','testMiddleName',NULL,'male','8082258615'),(120,123,'testFirstName','testLastName','testMiddleName',NULL,'male','8082258615'),(121,124,'testFirstName','testLastName','testMiddleName',NULL,'male','8082258615'),(122,125,'testFirstName','testLastName','testMiddleName',NULL,'male','8082258615'),(123,126,'testFirstName','testLastName','testMiddleName',NULL,'male','8082258615'),(124,127,'testFirstName','testLastName','testMiddleName',NULL,'male','8082258615'),(125,128,'testFirstName','testLastName','testMiddleName',NULL,'male','8082258615'),(126,129,'testFirstName','testLastName','testMiddleName',NULL,'male','8082258615'),(127,130,'testFirstName','testLastName','testMiddleName',NULL,'male','8082258615'),(128,131,'testFirstName','testLastName','testMiddleName',NULL,'male','8082258615'),(129,132,'testFirstName','testLastName','testMiddleName',NULL,'male','8082258615'),(130,133,'testFirstName','testLastName','testMiddleName',NULL,'male','8082258615'),(131,134,'testFirstName','testLastName','testMiddleName',NULL,'male','8082258615'),(132,135,'testFirstName','testLastName','testMiddleName',NULL,'male','8082258615'),(133,136,'testFirstName','testLastName','testMiddleName',NULL,'male','8082258615'),(134,137,'testFirstName','testLastName','testMiddleName',NULL,'male','8082258615'),(135,138,'testFirstName','testLastName','testMiddleName',NULL,'male','8082258615'),(136,139,'testFirstName','testLastName','testMiddleName',NULL,'male','8082258615'),(137,140,'testFirstName','testLastName','testMiddleName',NULL,'male','8082258615'),(138,141,'testFirstName','testLastName','testMiddleName',NULL,'male','8082258615'),(139,142,'testFirstName','testLastName','testMiddleName',NULL,'male','8082258615'),(140,143,'testFirstName','testLastName','testMiddleName',NULL,'male','8082258615'),(141,144,'testFirstName','testLastName','testMiddleName',NULL,'male','8082258615'),(142,145,'testFirstName','testLastName','testMiddleName',NULL,'male','8082258615'),(143,146,'testFirstName','testLastName','testMiddleName',NULL,'male','8082258615'),(144,147,'testFirstName','testLastName','testMiddleName',NULL,'male','8082258615'),(145,148,'testFirstName','testLastName','testMiddleName',NULL,'male','8082258615'),(146,149,'testFirstName','testLastName','testMiddleName',NULL,'male','8082258615'),(147,150,'testFirstName','testLastName','testMiddleName',NULL,'male','8082258615'),(148,151,'testFirstName','testLastName','testMiddleName',NULL,'male','8082258615'),(149,152,'testFirstName','testLastName','testMiddleName',NULL,'male','8082258615'),(150,153,'testFirstName','testLastName','testMiddleName',NULL,'male','8082258615'),(151,154,'testFirstName','testLastName','testMiddleName',NULL,'male','8082258615'),(152,155,'testFirstName','testLastName','testMiddleName',NULL,'male','8082258615'),(153,156,'testFirstName','testLastName','testMiddleName',NULL,'male','8082258615'),(154,157,'testFirstName','testLastName','testMiddleName',NULL,'male','8082258615'),(155,158,'testFirstName','testLastName','testMiddleName',NULL,'male','8082258615'),(156,159,'testFirstName','testLastName','testMiddleName',NULL,'male','8082258615'),(157,160,'testFirstName','testLastName','testMiddleName',NULL,'male','8082258615'),(158,161,'testFirstName','testLastName','testMiddleName',NULL,'male','8082258615'),(159,162,'testFirstName','testLastName','testMiddleName',NULL,'male','8082258615'),(160,163,'testFirstName','testLastName','testMiddleName',NULL,'male','8082258615'),(161,164,'testFirstName','testLastName','testMiddleName',NULL,'male','8082258615'),(162,165,'testFirstName','testLastName','testMiddleName',NULL,'male','8082258615'),(163,166,'testFirstName','testLastName','testMiddleName',NULL,'male','8082258615'),(164,167,'testFirstName','testLastName','testMiddleName',NULL,'male','8082258615'),(165,168,'testFirstName','testLastName','testMiddleName',NULL,'male','8082258615'),(166,169,'testFirstName','testLastName','testMiddleName',NULL,'male','8082258615'),(167,170,'testFirstName','testLastName','testMiddleName',NULL,'male','8082258615'),(168,171,'testFirstName','testLastName','testMiddleName',NULL,'male','8082258615'),(169,172,'testFirstName','testLastName','testMiddleName',NULL,'male','8082258615'),(170,173,'testFirstName','testLastName','testMiddleName',NULL,'male','8082258615'),(171,174,'testFirstName','testLastName','testMiddleName',NULL,'male','8082258615'),(172,175,'testFirstName','testLastName','testMiddleName',NULL,'male','8082258615'),(173,176,'testFirstName','testLastName','testMiddleName',NULL,'male','8082258615'),(174,177,'testFirstName','testLastName','testMiddleName',NULL,'male','8082258615'),(175,178,'testFirstName','testLastName','testMiddleName',NULL,'male','8082258615'),(176,179,'testFirstName','testLastName','testMiddleName',NULL,'male','8082258615'),(177,180,'testFirstName','testLastName','testMiddleName',NULL,'male','8082258615'),(178,181,'testFirstName','testLastName','testMiddleName',NULL,'male','8082258615'),(179,182,'testFirstName','testLastName','testMiddleName',NULL,'male','8082258615'),(180,183,'testFirstName','testLastName','testMiddleName',NULL,'male','8082258615'),(181,184,'testFirstName','testLastName','testMiddleName',NULL,'male','8082258615'),(182,185,'testFirstName','testLastName','testMiddleName',NULL,'male','8082258615'),(183,186,'testFirstName','testLastName','testMiddleName',NULL,'male','8082258615'),(184,187,'testFirstName','testLastName','testMiddleName',NULL,'male','8082258615'),(185,188,'testFirstName','testLastName','testMiddleName',NULL,'male','8082258615'),(186,189,'testFirstName','testLastName','testMiddleName',NULL,'male','8082258615'),(187,190,'testFirstName','testLastName','testMiddleName',NULL,'male','8082258615'),(188,191,'testFirstName','testLastName','testMiddleName',NULL,'male','8082258615'),(189,192,'testFirstName','testLastName','testMiddleName',NULL,'male','8082258615'),(190,193,'testFirstName','testLastName','testMiddleName',NULL,'male','8082258615'),(191,194,'testFirstName','testLastName','testMiddleName',NULL,'male','8082258615'),(192,195,'testFirstName','testLastName','testMiddleName',NULL,'male','8082258615'),(193,196,'testFirstName','testLastName','testMiddleName',NULL,'male','8082258615'),(194,197,'testFirstName','testLastName','testMiddleName',NULL,'male','8082258615'),(195,198,'testFirstName','testLastName','testMiddleName',NULL,'male','8082258615'),(196,199,'testFirstName','testLastName','testMiddleName',NULL,'male','8082258615'),(197,200,'testFirstName','testLastName','testMiddleName',NULL,'male','8082258615'),(198,201,'testFirstName','testLastName','testMiddleName',NULL,'male','8082258615'),(199,202,'testFirstName','testLastName','testMiddleName',NULL,'male','8082258615'),(200,203,'testFirstName','testLastName','testMiddleName',NULL,'male','8082258615'),(201,204,'testFirstName','testLastName','testMiddleName',NULL,'male','8082258615'),(202,205,'testFirstName','testLastName','testMiddleName',NULL,'male','8082258615'),(203,206,'testFirstName','testLastName','testMiddleName',NULL,'male','8082258615'),(204,207,'testFirstName','testLastName','testMiddleName',NULL,'male','8082258615'),(205,208,'testFirstName','testLastName','testMiddleName',NULL,'male','8082258615'),(206,209,'testFirstName','testLastName','testMiddleName',NULL,'male','8082258615'),(207,210,'testFirstName','testLastName','testMiddleName',NULL,'male','8082258615'),(208,211,'testFirstName','testLastName','testMiddleName',NULL,'male','8082258615'),(209,212,'testFirstName','testLastName','testMiddleName',NULL,'male','8082258615'),(210,213,'testFirstName','testLastName','testMiddleName',NULL,'male','8082258615'),(211,214,'testFirstName','testLastName','testMiddleName',NULL,'male','8082258615'),(212,215,'testFirstName','testLastName','testMiddleName',NULL,'male','8082258615'),(213,216,'testFirstName','testLastName','testMiddleName',NULL,'male','8082258615'),(214,217,'testFirstName','testLastName','testMiddleName',NULL,'male','8082258615'),(215,218,'testFirstName','testLastName','testMiddleName',NULL,'male','8082258615'),(216,219,'testFirstName','testLastName','testMiddleName',NULL,'male','8082258615'),(217,220,'testFirstName','testLastName','testMiddleName',NULL,'male','8082258615'),(218,221,'testFirstName','testLastName','testMiddleName',NULL,'male','8082258615'),(219,222,'testFirstName','testLastName','testMiddleName',NULL,'male','8082258615'),(220,223,'testFirstName','testLastName','testMiddleName',NULL,'male','8082258615'),(221,224,'testFirstName','testLastName','testMiddleName',NULL,'male','8082258615'),(222,225,'testFirstName','testLastName','testMiddleName',NULL,'male','8082258615'),(223,226,'testFirstName','testLastName','testMiddleName',NULL,'male','8082258615'),(224,227,'testFirstName','testLastName','testMiddleName',NULL,'male','8082258615'),(225,228,'testFirstName','testLastName','testMiddleName',NULL,'male','8082258615'),(226,229,'testFirstName','testLastName','testMiddleName',NULL,'male','8082258615'),(227,230,'testFirstName','testLastName','testMiddleName',NULL,'male','8082258615'),(228,231,'testFirstName','testLastName','testMiddleName',NULL,'male','8082258615'),(229,232,'testFirstName','testLastName','testMiddleName',NULL,'male','8082258615'),(230,233,'testFirstName','testLastName','testMiddleName',NULL,'male','8082258615'),(231,234,'testFirstName','testLastName','testMiddleName',NULL,'male','8082258615'),(232,235,'testFirstName','testLastName','testMiddleName',NULL,'male','8082258615'),(233,236,'testFirstName','testLastName','testMiddleName',NULL,'male','8082258615'),(234,237,'testFirstName','testLastName','testMiddleName',NULL,'male','8082258615'),(235,238,'testFirstName','testLastName','testMiddleName',NULL,'male','8082258615'),(236,239,'testFirstName','testLastName','testMiddleName',NULL,'male','8082258615'),(237,240,'testFirstName','testLastName','testMiddleName',NULL,'male','8082258615'),(238,241,'testFirstName','testLastName','testMiddleName',NULL,'male','8082258615'),(239,242,'testFirstName','testLastName','testMiddleName',NULL,'male','8082258615'),(240,243,'testFirstName','testLastName','testMiddleName',NULL,'male','8082258615'),(241,244,'testFirstName','testLastName','testMiddleName',NULL,'male','8082258615'),(242,245,'testFirstName','testLastName','testMiddleName',NULL,'male','8082258615'),(243,246,'testFirstName','testLastName','testMiddleName',NULL,'male','8082258615'),(244,247,'testFirstName','testLastName','testMiddleName',NULL,'male','8082258615'),(245,248,'testFirstName','testLastName','testMiddleName',NULL,'male','8082258615'),(246,249,'testFirstName','testLastName','testMiddleName',NULL,'male','8082258615'),(247,250,'testFirstName','testLastName','testMiddleName',NULL,'male','8082258615'),(248,251,'testFirstName','testLastName','testMiddleName',NULL,'male','8082258615'),(249,252,'testFirstName','testLastName','testMiddleName',NULL,'male','8082258615'),(250,253,'testFirstName','testLastName','testMiddleName',NULL,'male','8082258615'),(251,254,'testFirstName','testLastName','testMiddleName',NULL,'male','8082258615'),(252,255,'testFirstName','testLastName','testMiddleName',NULL,'male','8082258615'),(253,256,'testFirstName','testLastName','testMiddleName',NULL,'male','8082258615'),(254,257,'testFirstName','testLastName','testMiddleName',NULL,'male','8082258615'),(255,258,'testFirstName','testLastName','testMiddleName',NULL,'male','8082258615'),(256,259,'testFirstName','testLastName','testMiddleName',NULL,'male','8082258615'),(257,260,'testFirstName','testLastName','testMiddleName',NULL,'male','8082258615'),(258,261,'testFirstName','testLastName','testMiddleName',NULL,'male','8082258615'),(259,262,'testFirstName','testLastName','testMiddleName',NULL,'male','8082258615'),(260,263,'testFirstName','testLastName','testMiddleName',NULL,'male','8082258615'),(261,264,'testFirstName','testLastName','testMiddleName',NULL,'male','8082258615'),(262,265,'testFirstName','testLastName','testMiddleName',NULL,'male','8082258615'),(263,266,'testFirstName','testLastName','testMiddleName',NULL,'male','8082258615'),(264,267,'testFirstName','testLastName','testMiddleName',NULL,'male','8082258615'),(265,268,'testFirstName','testLastName','testMiddleName',NULL,'male','8082258615'),(266,269,'testFirstName','testLastName','testMiddleName',NULL,'male','8082258615'),(267,270,'testFirstName','testLastName','testMiddleName',NULL,'male','8082258615'),(268,271,'testFirstName','testLastName','testMiddleName',NULL,'male','8082258615'),(269,272,'testFirstName','testLastName','testMiddleName',NULL,'male','8082258615'),(270,273,'testFirstName','testLastName','testMiddleName',NULL,'male','8082258615'),(271,274,'testFirstName','testLastName','testMiddleName',NULL,'male','8082258615'),(272,275,'testFirstName','testLastName','testMiddleName',NULL,'male','8082258615'),(273,276,'testFirstName','testLastName','testMiddleName',NULL,'male','8082258615'),(274,277,'testFirstName','testLastName','testMiddleName',NULL,'male','8082258615'),(275,278,'testFirstName','testLastName','testMiddleName',NULL,'male','8082258615'),(276,279,'testFirstName','testLastName','testMiddleName',NULL,'male','8082258615'),(277,280,'testFirstName','testLastName','testMiddleName',NULL,'male','8082258615'),(278,281,'testFirstName','testLastName','testMiddleName',NULL,'male','8082258615'),(279,282,'testFirstName','testLastName','testMiddleName',NULL,'male','8082258615'),(280,283,'testFirstName','testLastName','testMiddleName',NULL,'male','8082258615'),(281,284,'testFirstName','testLastName','testMiddleName',NULL,'male','8082258615'),(282,285,'testFirstName','testLastName','testMiddleName',NULL,'male','8082258615'),(283,286,'testFirstName','testLastName','testMiddleName',NULL,'male','8082258615'),(284,287,'Keith','Becker','Logan',NULL,'male','8082258615'),(285,288,'Keith','Becker','Logan',NULL,'male','8082258615'),(286,289,'Keith','Becker','Logan',NULL,'male','8082258615'),(287,290,'Keith','Becker','Logan',NULL,'male','8082258615'),(288,291,'Keith','Becker','Logan',NULL,'male','8082258615'),(289,292,'Keith','Becker','Logan',NULL,'male','8082258615'),(290,293,'Keith','Becker','Logan',NULL,'male','8082258615'),(291,294,'Keith','Becker','Logan',NULL,'male','8082258615'),(292,295,'testFirstName','testLastName','testMiddleName',NULL,'male','8082258615'),(293,296,'testFirstName','testLastName','testMiddleName',NULL,'male','8082258615'),(294,297,'testFirstName','testLastName','testMiddleName',NULL,'male','8082258615'),(295,298,'testFirstName','testLastName','testMiddleName',NULL,'male','8082258615'),(296,299,'testFirstName','testLastName','testMiddleName',NULL,'male','8082258615'),(297,300,'testFirstName','testLastName','testMiddleName',NULL,'male','8082258615'),(298,301,'testFirstName','testLastName','testMiddleName',NULL,'male','8082258615'),(299,302,'testFirstName','testLastName','testMiddleName',NULL,'male','8082258615'),(300,303,'testFirstName','testLastName','testMiddleName',NULL,'male','8082258615'),(301,304,'testFirstName','testLastName','testMiddleName',NULL,'male','8082258615'),(302,305,'testFirstName','testLastName','testMiddleName',NULL,'male','8082258615'),(303,306,'testFirstName','testLastName','testMiddleName',NULL,'male','8082258615'),(304,307,'testFirstName','testLastName','testMiddleName',NULL,'male','8082258615'),(305,308,'Keith','Becker','Logan',NULL,'male','8082258615'),(306,309,'Keith','Becker','Logan',NULL,'male','8082258615');
/*!40000 ALTER TABLE `crm_person` ENABLE KEYS */;
UNLOCK TABLES;

--
-- Table structure for table `fin_credit_card`
--

DROP TABLE IF EXISTS `fin_credit_card`;
/*!40101 SET @saved_cs_client     = @@character_set_client */;
 SET character_set_client = utf8mb4 ;
CREATE TABLE `fin_credit_card` (
  `fin_credit_card_id` int(11) NOT NULL AUTO_INCREMENT,
  `crm_account_id` int(11) NOT NULL,
  `name_on_card` varchar(150) NOT NULL,
  `number` varchar(30) NOT NULL,
  `security_code` varchar(10) DEFAULT NULL,
  `expiration_month` tinyint(4) NOT NULL,
  `expiration_year` smallint(6) NOT NULL,
  `add_date` timestamp NOT NULL DEFAULT CURRENT_TIMESTAMP,
  `start_date` timestamp NOT NULL DEFAULT CURRENT_TIMESTAMP,
  `end_date` timestamp NULL DEFAULT NULL,
  PRIMARY KEY (`fin_credit_card_id`),
  KEY `number` (`number`),
  KEY `crm_account_id` (`crm_account_id`),
  CONSTRAINT `fin_credit_card_ibfk_1` FOREIGN KEY (`crm_account_id`) REFERENCES `crm_account` (`crm_account_id`)
) ENGINE=InnoDB AUTO_INCREMENT=42 DEFAULT CHARSET=utf8mb4 COLLATE=utf8mb4_0900_ai_ci;
/*!40101 SET character_set_client = @saved_cs_client */;

--
-- Dumping data for table `fin_credit_card`
--

LOCK TABLES `fin_credit_card` WRITE;
/*!40000 ALTER TABLE `fin_credit_card` DISABLE KEYS */;
INSERT INTO `fin_credit_card` VALUES (1,127,'Keith Becker','4111111111111111','123',12,25,'2019-02-04 00:31:28','2019-02-04 00:31:28',NULL),(2,135,'Keith Becker','4111111111111111','123',12,25,'2019-02-04 00:34:20','2019-02-04 00:34:20',NULL),(3,136,'Keith Becker','4111111111111111','123',12,25,'2019-02-04 00:34:21','2019-02-04 00:34:21',NULL),(4,144,'Keith Becker','4111111111111111','123',12,25,'2019-02-04 00:35:05','2019-02-04 00:35:05',NULL),(5,145,'Keith Becker','4111111111111111','123',12,25,'2019-02-04 00:35:06','2019-02-04 00:35:06',NULL),(6,153,'Keith Becker','4111111111111111','123',12,25,'2019-02-04 00:36:09','2019-02-04 00:36:09',NULL),(7,154,'Keith Becker','4111111111111111','123',12,25,'2019-02-04 00:36:10','2019-02-04 00:36:10',NULL),(8,162,'Keith Becker','4111111111111111','123',12,25,'2019-02-04 00:39:46','2019-02-04 00:39:46',NULL),(9,163,'Keith Becker','4111111111111111','123',12,25,'2019-02-04 00:39:47','2019-02-04 00:39:47',NULL),(10,172,'Keith Becker','4111111111111111','123',12,25,'2019-02-04 00:40:14','2019-02-04 00:40:14',NULL),(11,173,'Keith Becker','4111111111111111','123',12,25,'2019-02-04 00:40:14','2019-02-04 00:40:14',NULL),(12,183,'Keith Becker','4111111111111111','123',12,25,'2019-02-04 01:38:46','2019-02-04 01:38:46',NULL),(13,184,'Keith Becker','4111111111111111','123',12,25,'2019-02-04 01:38:46','2019-02-04 01:38:46',NULL),(14,194,'Keith Becker','4111111111111111','123',12,25,'2019-02-04 01:39:32','2019-02-04 01:39:32',NULL),(15,195,'Keith Becker','4111111111111111','123',12,25,'2019-02-04 01:39:33','2019-02-04 01:39:33',NULL),(16,205,'Keith Becker','4111111111111111','123',12,25,'2019-02-04 01:43:09','2019-02-04 01:43:09',NULL),(17,206,'Keith Becker','4111111111111111','123',12,25,'2019-02-04 01:43:10','2019-02-04 01:43:10',NULL),(18,216,'Keith Becker','4111111111111111','123',12,25,'2019-02-04 02:35:49','2019-02-04 02:35:49',NULL),(19,217,'Keith Becker','4111111111111111','123',12,25,'2019-02-04 02:35:50','2019-02-04 02:35:50',NULL),(20,229,'Keith Becker','4111111111111111','123',12,25,'2019-02-04 02:55:10','2019-02-04 02:55:10',NULL),(21,230,'Keith Becker','4111111111111111','123',12,25,'2019-02-04 02:55:10','2019-02-04 02:55:10',NULL),(22,242,'Keith Becker','4111111111111111','123',12,25,'2019-02-04 02:55:40','2019-02-04 02:55:40',NULL),(23,243,'Keith Becker','4111111111111111','123',12,25,'2019-02-04 02:55:42','2019-02-04 02:55:42',NULL),(24,255,'Keith Becker','4111111111111111','123',12,25,'2019-02-04 03:57:47','2019-02-04 03:57:47',NULL),(25,256,'Keith Becker','4111111111111111','123',12,25,'2019-02-04 03:57:48','2019-02-04 03:57:48',NULL),(26,268,'Keith Becker','4111111111111111','123',12,25,'2019-02-04 04:21:20','2019-02-04 04:21:20',NULL),(27,269,'Keith Becker','4111111111111111','123',12,25,'2019-02-04 04:21:20','2019-02-04 04:21:20',NULL),(28,281,'Keith Becker','4111111111111111','123',12,25,'2019-02-04 21:57:36','2019-02-04 21:57:36',NULL),(29,282,'Keith Becker','4111111111111111','123',12,25,'2019-02-04 21:57:37','2019-02-04 21:57:37',NULL),(30,287,'Keith Becker','4111111111111111','123',12,2025,'2019-02-05 01:27:38','2019-02-05 01:27:38',NULL),(31,288,'Keith Becker','4111111111111111','123',12,2025,'2019-02-05 01:28:16','2019-02-05 01:28:16',NULL),(32,289,'Keith Becker','4111111111111111','123',12,2025,'2019-02-05 01:30:38','2019-02-05 01:30:38',NULL),(33,290,'Keith Becker','4111111111111111','123',12,2025,'2019-02-05 01:34:01','2019-02-05 01:34:01',NULL),(34,291,'Keith Becker','4111111111111111','123',12,2025,'2019-02-05 01:34:40','2019-02-05 01:34:40',NULL),(35,292,'Keith Becker','4111111111111111','123',12,2025,'2019-02-05 01:35:13','2019-02-05 01:35:13',NULL),(36,293,'Keith Becker','4111111111111111','123',12,2025,'2019-02-05 01:41:05','2019-02-05 01:41:05',NULL),(37,294,'Keith Becker','4111111111111111','123',12,2025,'2019-02-05 01:41:55','2019-02-05 01:41:55',NULL),(38,302,'Keith Becker','4111111111111111','123',12,25,'2019-02-05 02:54:16','2019-02-05 02:54:16',NULL),(39,303,'Keith Becker','4111111111111111','123',12,25,'2019-02-05 02:54:17','2019-02-05 02:54:17',NULL),(40,308,'Keith Becker','4111111111111111','123',12,2025,'2019-02-05 02:54:40','2019-02-05 02:54:40',NULL),(41,309,'Keith Becker','4111111111111111','123',12,2025,'2019-02-05 16:56:03','2019-02-05 16:56:03',NULL);
/*!40000 ALTER TABLE `fin_credit_card` ENABLE KEYS */;
UNLOCK TABLES;

--
-- Table structure for table `fin_order`
--

DROP TABLE IF EXISTS `fin_order`;
/*!40101 SET @saved_cs_client     = @@character_set_client */;
 SET character_set_client = utf8mb4 ;
CREATE TABLE `fin_order` (
  `fin_order_id` int(11) NOT NULL AUTO_INCREMENT,
  `crm_account_id` int(11) NOT NULL,
  `zinc_request_id` varchar(200) NOT NULL,
  `order_json` varchar(2000) NOT NULL,
  `add_time` timestamp NOT NULL DEFAULT CURRENT_TIMESTAMP,
  PRIMARY KEY (`fin_order_id`)
) ENGINE=InnoDB AUTO_INCREMENT=3 DEFAULT CHARSET=utf8mb4 COLLATE=utf8mb4_0900_ai_ci;
/*!40101 SET character_set_client = @saved_cs_client */;

--
-- Dumping data for table `fin_order`
--

LOCK TABLES `fin_order` WRITE;
/*!40000 ALTER TABLE `fin_order` DISABLE KEYS */;
INSERT INTO `fin_order` VALUES (1,308,'4501093b92848ed6f0d60d29b76d66e6','{\"retailer\":\"amazon\",\"products\":[{\"product_id\":\"B00WWHNA4C\",\"quantity\":1}],\"max_price\":0,\"shipping_address\":{\"first_name\":\"Keith\",\"last_name\":\"Becker\",\"address_line1\":\"4240 Swanson Way\",\"address_line2\":\"Unit 207\",\"zip_code\":\"80109\",\"city\":\"Castle Rock\",\"state\":\"CO\",\"country\":\"US\",\"phone_number\":\"8082258615\"},\"is_gift\":true,\"gift_message\":\"Thank you for using ReOrder!\",\"shipping_method\":\"free\",\"payment_method\":{\"name_on_card\":\"Keith Becker\",\"number\":\"4111111111111111\",\"security_code\":\"123\",\"expiration_month\":12,\"expiration_year\":2025,\"use_gift\":false},\"billing_address\":{\"first_name\":\"Keith\",\"last_name\":\"Becker\",\"address_line1\":\"4240 Swanson Way\",\"address_line2\":\"Unit 207\",\"zip_code\":\"80109\",\"city\":\"Castle Rock\",\"state\":\"CO\",\"country\":\"US\",\"phone_number\":\"8082258615\"},\"retailer_credentials\":{\"email\":\"alsdkfj@test.com\",\"password\":\"asldkfj\"}}','2019-02-05 02:54:43'),(2,309,'9e44c6244b1f5bc69ab3caed15ac8f08','{\"retailer\":\"amazon\",\"products\":[{\"product_id\":\"B00WWHNA4C\",\"quantity\":1}],\"max_price\":0,\"shipping_address\":{\"first_name\":\"Keith\",\"last_name\":\"Becker\",\"address_line1\":\"4240 Swanson Way\",\"address_line2\":\"Unit 207\",\"zip_code\":\"80109\",\"city\":\"Castle Rock\",\"state\":\"CO\",\"country\":\"US\",\"phone_number\":\"8082258615\"},\"is_gift\":true,\"gift_message\":\"Thank you for using ReOrder!\",\"shipping_method\":\"free\",\"payment_method\":{\"name_on_card\":\"Keith Becker\",\"number\":\"4111111111111111\",\"security_code\":\"123\",\"expiration_month\":12,\"expiration_year\":2025,\"use_gift\":false},\"billing_address\":{\"first_name\":\"Keith\",\"last_name\":\"Becker\",\"address_line1\":\"4240 Swanson Way\",\"address_line2\":\"Unit 207\",\"zip_code\":\"80109\",\"city\":\"Castle Rock\",\"state\":\"CO\",\"country\":\"US\",\"phone_number\":\"8082258615\"},\"retailer_credentials\":{\"email\":\"alsdkfj@test.com\",\"password\":\"asldkfj\"}}','2019-02-05 16:56:07');
/*!40000 ALTER TABLE `fin_order` ENABLE KEYS */;
UNLOCK TABLES;

--
-- Table structure for table `request_payload_validation`
--

DROP TABLE IF EXISTS `request_payload_validation`;
/*!40101 SET @saved_cs_client     = @@character_set_client */;
 SET character_set_client = utf8mb4 ;
CREATE TABLE `request_payload_validation` (
  `request_index` varchar(50) DEFAULT NULL,
  `validation_method` enum('number','regex','string','bool') DEFAULT NULL,
  `regex` varchar(500) DEFAULT NULL
) ENGINE=InnoDB DEFAULT CHARSET=utf8mb4 COLLATE=utf8mb4_0900_ai_ci;
/*!40101 SET character_set_client = @saved_cs_client */;

--
-- Dumping data for table `request_payload_validation`
--

LOCK TABLES `request_payload_validation` WRITE;
/*!40000 ALTER TABLE `request_payload_validation` DISABLE KEYS */;
INSERT INTO `request_payload_validation` VALUES ('accountId','number',NULL),('email','regex','(?:[a-z0-9!#$%&\'*+/=?^_`{|}~-]+(?:.[a-z0-9!#$%&\'*+/=?^_`{|}~-]+)*|\"(?:[x01-x08x0bx0cx0e-x1fx21x23-x5bx5d-x7f]|\\[x01-x09x0bx0cx0e-x7f])*\")@(?:(?:[a-z0-9](?:[a-z0-9-]*[a-z0-9])?.)+[a-z0-9](?:[a-z0-9-]*[a-z0-9])?|[(?:(?:25[0-5]|2[0-4][0-9]|[01]?[0-9][0-9]?).){3}(?:25[0-5]|2[0-4][0-9]|[01]?[0-9][0-9]?|[a-z0-9-]*[a-z0-9]:(?:[x01-x08x0bx0cx0e-x1fx21-x5ax53-x7f]|\\[x01-x09x0bx0cx0e-x7f])+)])'),('phone','string',NULL),('firstName','regex','^[a-zA-Z]{2,25}$'),('lastName','regex','^[a-zA-Z]{2,25}$'),('middleName','regex','^[a-zA-Z]{2,25}$'),('birthday','regex','^dddd-dd-dd$'),('gender','regex','^(male|female)$'),('street1','string',NULL),('street2','string',NULL),('city','string',NULL),('state','string',NULL),('zip','string',NULL),('country','string',NULL),('isBilling','bool',NULL),('isShipping','bool',NULL),('billingFirstName','regex','^[a-zA-Z]{2,25}$'),('billingLastName','regex','^[a-zA-Z]{2,25}$'),('shippingFirstName','regex','^[a-zA-Z]{2,25}$'),('shippingLastName','regex','^[a-zA-Z]{2,25}$');
/*!40000 ALTER TABLE `request_payload_validation` ENABLE KEYS */;
UNLOCK TABLES;

--
-- Table structure for table `sec_retailer_login`
--

DROP TABLE IF EXISTS `sec_retailer_login`;
/*!40101 SET @saved_cs_client     = @@character_set_client */;
 SET character_set_client = utf8mb4 ;
CREATE TABLE `sec_retailer_login` (
  `sec_retailer_login_id` int(11) NOT NULL AUTO_INCREMENT,
  `retailer` enum('amazon','walmart') NOT NULL,
  `crm_account_id` int(11) NOT NULL,
  `login_email` varchar(250) NOT NULL,
  `login_password` varchar(100) NOT NULL,
  PRIMARY KEY (`sec_retailer_login_id`),
  KEY `retailer` (`retailer`),
  KEY `crm_account_id` (`crm_account_id`),
  KEY `login_email` (`login_email`),
  CONSTRAINT `sec_retailer_login_ibfk_1` FOREIGN KEY (`crm_account_id`) REFERENCES `crm_account` (`crm_account_id`)
) ENGINE=InnoDB AUTO_INCREMENT=24 DEFAULT CHARSET=utf8mb4 COLLATE=utf8mb4_0900_ai_ci;
/*!40101 SET character_set_client = @saved_cs_client */;

--
-- Dumping data for table `sec_retailer_login`
--

LOCK TABLES `sec_retailer_login` WRITE;
/*!40000 ALTER TABLE `sec_retailer_login` DISABLE KEYS */;
INSERT INTO `sec_retailer_login` VALUES (1,'amazon',220,'testamazonusername','testamazonpassword'),(2,'amazon',221,'testamazonusername','testamazonpassword'),(3,'amazon',233,'testamazonusername','testamazonpassword'),(4,'amazon',234,'testamazonusername','testamazonpassword'),(5,'amazon',246,'testamazonusername','testamazonpassword'),(6,'amazon',247,'testamazonusername','testamazonpassword'),(7,'amazon',259,'testamazonusername','testamazonpassword'),(8,'amazon',260,'testamazonusername','testamazonpassword'),(9,'amazon',272,'testamazonusername','testamazonpassword'),(10,'amazon',273,'testamazonusername','testamazonpassword'),(11,'amazon',285,'testamazonusername','testamazonpassword'),(12,'amazon',286,'testamazonusername','testamazonpassword'),(13,'amazon',288,'alsdkfj@test.com','asldkfj'),(14,'amazon',289,'alsdkfj@test.com','asldkfj'),(15,'amazon',290,'alsdkfj@test.com','asldkfj'),(16,'amazon',291,'alsdkfj@test.com','asldkfj'),(17,'amazon',292,'alsdkfj@test.com','asldkfj'),(18,'amazon',293,'alsdkfj@test.com','asldkfj'),(19,'amazon',294,'alsdkfj@test.com','asldkfj'),(20,'amazon',306,'testamazonusername','testamazonpassword'),(21,'amazon',307,'testamazonusername','testamazonpassword'),(22,'amazon',308,'alsdkfj@test.com','asldkfj'),(23,'amazon',309,'alsdkfj@test.com','asldkfj');
/*!40000 ALTER TABLE `sec_retailer_login` ENABLE KEYS */;
UNLOCK TABLES;

--
-- Table structure for table `sys_config`
--

DROP TABLE IF EXISTS `sys_config`;
/*!40101 SET @saved_cs_client     = @@character_set_client */;
 SET character_set_client = utf8mb4 ;
CREATE TABLE `sys_config` (
  `sys_config_id` int(11) NOT NULL AUTO_INCREMENT,
  `config_key` varchar(40) NOT NULL,
  `description` varchar(200) NOT NULL,
  `value` varchar(70) NOT NULL,
  `add_time` timestamp NULL DEFAULT CURRENT_TIMESTAMP,
  PRIMARY KEY (`sys_config_id`),
  KEY `config_key` (`config_key`),
  KEY `value` (`value`)
) ENGINE=InnoDB AUTO_INCREMENT=4 DEFAULT CHARSET=utf8mb4 COLLATE=utf8mb4_0900_ai_ci;
/*!40101 SET character_set_client = @saved_cs_client */;

--
-- Dumping data for table `sys_config`
--

LOCK TABLES `sys_config` WRITE;
/*!40000 ALTER TABLE `sys_config` DISABLE KEYS */;
INSERT INTO `sys_config` VALUES (1,'zinc_api_key','Zinc API Key','7FDBEEFF099AD8D902CC80D7','2019-02-01 18:03:34'),(2,'reorder_api_key','ReOrder API Key','ab4f1e8d-8de2-4bc4-9fbd-4868f61450f0','2019-02-03 16:59:34'),(3,'test_mode','Test Mode','enabled','2019-02-05 01:34:28');
/*!40000 ALTER TABLE `sys_config` ENABLE KEYS */;
UNLOCK TABLES;
/*!40103 SET TIME_ZONE=@OLD_TIME_ZONE */;

/*!40101 SET SQL_MODE=@OLD_SQL_MODE */;
/*!40014 SET FOREIGN_KEY_CHECKS=@OLD_FOREIGN_KEY_CHECKS */;
/*!40014 SET UNIQUE_CHECKS=@OLD_UNIQUE_CHECKS */;
/*!40101 SET CHARACTER_SET_CLIENT=@OLD_CHARACTER_SET_CLIENT */;
/*!40101 SET CHARACTER_SET_RESULTS=@OLD_CHARACTER_SET_RESULTS */;
/*!40101 SET COLLATION_CONNECTION=@OLD_COLLATION_CONNECTION */;
/*!40111 SET SQL_NOTES=@OLD_SQL_NOTES */;

-- Dump completed on 2019-02-09 11:01:55
